id,title,duration,director,rental_date,return_date
e17713b0-e5e0-4c23-9c2c-4f58860c1136,Happy-Go-Lucky,107,Audi Jemison,1990-12-11,1999-01-19
4ac4ed8f-0727-4a06-a7e6-7fb4418065eb,Flash Gordon's Trip to Mars,87,Sarena Glenton,1994-02-08,1997-01-11
6cdc5a99-c339-41f5-b4e4-19fe0dbc014a,Take Me Home,88,Georg Schrader,1994-12-14,1997-03-07
af7df6cf-c227-4dd6-9de3-9ed33a024f97,Possession,83,Saunderson Mankor,1993-10-17,1997-06-01
c2727900-c25f-428e-8007-4853052ab164,Mickey's The Prince and the Pauper,80,Gratia Breckenridge,1990-10-20,1996-12-30
644f27d6-7f9b-44e4-acf1-de2e5c7b4a25,Tully,66,Ange Peregrine,1991-09-14,1996-08-24
fbb8e783-f4da-4046-af51-a2ccb718c313,Stone Angel,107,Geoffrey Linkin,1991-11-01,1997-05-11
efc83f8a-5968-41dc-98e6-e758bd105a3f,Devil's Playground,74,Papageno Blaxland,1993-06-25,1996-05-16
707f6447-a030-416b-b13c-41aec7da5413,Count Three and Pray,66,Damaris Dubique,1993-02-10,1998-03-12
8de199dd-f033-46f9-85a6-dc118c9ee35e,Corridors of Blood,109,Kesley McCrachen,1992-09-29,1999-07-09
89842c92-59cf-43dc-9902-119ddad73066,Phantom of the Megaplex,78,Melitta Ducastel,1991-04-24,1997-09-27
61b71b73-e0c7-4b41-83a7-447142dcc59c,Highway 61,71,Gay Cabera,1994-11-14,1996-04-15
ac72d57b-9873-4dd8-88f9-b67a0d99d0a7,A Star Is Born,116,Blakeley Maling,1992-10-15,1999-05-21
c0e44dc0-bc2f-43af-bc67-c5b460f66640,Muppets,116,Marti Akerman,1991-06-03,1996-12-07
99922e52-2ed6-40f9-8262-544330d2f6d4,Blind Horizon,105,Christan Schulke,1994-08-06,1997-03-22
47d218c6-0003-4281-a327-b0a158bf8edf,Godfather: Part II,80,Ignace Hartzenberg,1995-01-27,1999-03-20
bc8c17f3-9365-42b2-8498-192e5b83e6a8,Quadrophenia,105,Katerina Kinloch,1991-02-01,1996-05-16
7435595b-cbaa-439c-843d-d609662c1d0c,Going the Distance,86,Valry Borzone,1991-11-17,1997-12-14
cdd73ddb-1b3f-4942-b18c-3746ab6e8b76,Kabluey,94,Davina Brack,1992-01-08,1999-05-10
87b20c42-3eec-4653-9607-c499938a6f4b,Ravenous,92,Britt Durand,1992-02-04,1996-09-14
4bd31ced-fca4-4f8d-b9be-cef47a049ca4,W.C. Fields and Me,86,Dur Batterham,1991-12-02,1998-06-03
30efc45e-a39c-485e-9353-4d02de588c44,Leaves from Satan's Book (Blade af Satans bog),103,Way Baumann,1991-01-05,1999-03-01
573b2c7b-6ea2-4f3f-9c65-174f3bf3b4aa,Mummy,88,Addie Larive,1994-01-29,1999-10-01
c432d5d4-e9f3-4618-9e26-3116130817ea,Dogfight,72,Aeriela Gotliffe,1990-11-19,1996-06-18
b4803351-ca08-4b3c-ac89-d81f14824f50,Dirty Dingus Magee,116,Richy Dewett,1993-10-01,1997-05-21
ce6ab5f9-1da3-4060-a71f-389174c46ddd,Big Knife,68,Christel Beddo,1992-07-21,1998-02-17
d016a2f7-2749-4394-9698-4a05a7c229c2,3 Worlds of Gulliver,67,Anson Britto,1990-09-27,1998-03-10
8e1d3afd-e548-4e32-8da3-119139c99833,Story of a Prostitute (Shunpu den),91,Effie Flaonier,1993-07-31,1998-11-02
4008b0a3-732e-42de-9fae-5fe7154a487d,Fear and Loathing in Las Vegas,97,Brady Markovic,1994-06-10,1997-02-21
9c6acd40-2650-420b-b5a6-e954a8e0e36d,Flamingo Road,102,Melanie Burgoin,1991-07-06,1995-11-18
8a2fff94-2bf7-4a61-817e-de54aea05a92,Phoenix,78,Even Rawlinson,1992-04-06,1996-09-08
67645073-66e2-4a95-8a30-70ee89666dab,Chasing Sleep,115,Reynard Venard,1991-02-12,1996-06-27
33618853-df0b-4932-99d5-787e13f87d1d,Arc,105,Sanderson Petrov,1994-03-20,1998-03-02
d8e7e2aa-8a86-4fa9-b10d-0fbe33a6b970,Dog Park,102,Shandeigh Campagne,1991-05-17,1998-05-22
b40066a8-6daf-42d4-bdd4-dfc184720b05,Bow (Hwal),114,Farra Margeram,1994-02-16,1997-02-07
324abafc-66b9-447e-b883-4c3c71a8b65a,Running Scared,107,Dorey Bunton,1991-09-13,1998-11-18
df98f659-7d19-4a10-b196-c77dec7deacc,And the Ship Sails On (E la nave va),106,Alexandr MacKaig,1992-03-02,1998-12-29
912dada1-d05b-4000-b5a0-39a9e9d2a561,Daddy Long Legs,93,Jilly Gorch,1995-02-19,1999-07-16
b6761985-76ce-4585-bef8-3804cc6b7c2a,Chicago Joe and the Showgirl,111,Wesley Goodee,1995-10-08,1995-12-24
af708a19-e9e2-4f78-9d4a-a1c93b841c56,Phantom Carriage (Körkarlen),102,Tiff Bailey,1991-07-11,1997-12-16
099fbfbf-9096-449c-9725-5f9f988c4379,Cargo,77,Walton Pauer,1990-09-26,1996-12-28
b8f00155-7a83-4642-8cc8-7f6036ca16b6,Illuminata,116,Zena Baunton,1990-10-04,1997-02-18
d5f2a00e-28ba-47b3-b7e8-38a83cfc546e,Three-Step Dance,116,Herbert Du Hamel,1991-09-05,1999-04-22
f3524960-f54a-429d-9548-40d5f397fe63,Jewel Robbery,90,Keir Denerley,1994-05-02,1997-09-22
dd6be1bd-372e-4582-a737-a1a094597af5,Zigeunerweisen (Tsigoineruwaizen),112,Terza Pomfrett,1991-02-03,1996-11-02
3cd43f3a-4901-4ef9-8d8a-18b60b9e5cbc,Independencia,100,Stefan des Remedios,1992-12-25,1999-07-24
3bcaf5b7-fd82-4b36-9b22-ab558740f422,Satisfaction (a.k.a. Girls of Summer),114,Frederick Dryden,1993-04-15,1997-07-19
caf40d88-7eba-46c8-ba04-e64952c6112d,Hallelujah I'm a Bum,87,Tyrus Tailby,1992-04-30,1996-06-04
d14e4a00-fe1b-433c-87a0-88b9f29c2763,Sel8nne,86,Audi Coulthard,1991-11-18,1998-08-08
539e660e-cc52-48ca-93d5-66adebc8b1d7,Target,115,Nicolis Gozney,1995-04-19,1997-09-26
7365b580-c80f-44fa-b776-3b508fc8d1cf,Lassie,95,Joyan Drakeley,1991-11-05,1997-06-08
14bda9e5-d154-4898-8333-13bbf9202409,Vidal Sassoon: The Movie,80,Bunni Nellen,1992-01-13,1998-04-30
a0339f77-9ffc-4c77-a211-2d3bc2e7d37f,Babylon 5: The Legend of the Rangers: To Live and Die in Starlight,65,Tootsie Dot,1995-11-06,1997-05-24
9b71f5e2-cfd2-4592-b7c9-122ea8ab0230,Cabin in the Woods,100,Everett Imlin,1990-11-25,1998-04-04
a0e83d5b-46c8-459c-ba1e-c7f074d9d367,You Will Be My Son (Tu seras mon fils),75,Waylen Tubbles,1994-01-17,1997-10-06
2ab582ce-837b-4b69-9f58-96db4f13ecdc,Chris Rock: Bigger & Blacker,107,Chris Speed,1994-05-30,1999-07-17
71e2a4f5-2b78-4f94-8763-14ee8a738cb3,Home Page,103,Pauletta Kimm,1993-02-22,1996-11-26
5a5913be-4ee1-4300-9d4b-cb968243f85c,James Dean Remembered,65,Taber Senechault,1992-11-15,1996-04-17
de9717fc-5222-41a9-96d2-40369db6ae6b,Clara's Heart,102,Artemas Hickisson,1993-11-09,1999-06-13
a3896a06-2840-441d-a609-ed6b67f66e97,Terror's Advocate (Avocat de la terreur),87,Ethe Remmers,1995-02-15,1998-01-22
4e3403e1-1ce1-437f-a471-e3c219f1b359,Higher Learning,80,Weston Tire,1991-10-25,1998-10-22
51928d7b-a55a-4a17-9de9-0557037005c6,Babysitter,74,Cornie Claiton,1994-09-03,1995-12-12
6fc82d35-bdad-43b1-8a52-25fd2b2c34d3,FBI: Frikis buscan incordiar,87,Sascha O'Sheils,1991-12-31,1996-08-17
884983c8-3bf2-4099-a719-b7bfc63e1f9e,Losers' Club (Kaybedenler kulübü),117,Melicent Cholton,1991-05-10,1996-04-19
feed6f1e-44d1-4182-9660-137197bc11bb,Kumaré,115,Raina Loveless,1993-12-15,1998-11-19
363e4034-159f-4627-8164-13e629971577,Nosferatu the Vampyre (Nosferatu: Phantom der Nacht),95,Jone Woodroffe,1994-09-02,1998-08-10
43f7339d-aadd-45fe-a555-b00e43ecd8fc,Why Are the Bells Ringing Mitica? (a.k.a. Carnival Scenes) (De ce trag clopotele Mitica?),115,Thorpe Iglesiaz,1993-06-21,1997-03-06
9e99ad22-758a-40d7-9770-9b306a40f987,Dante's Inferno Animated,116,Sidonia Sauvage,1992-12-25,1998-11-17
607baae8-66f1-4d7e-8394-bc96867bb621,Bloody Murder 2: Closing Camp,97,Idette Paolinelli,1991-01-08,1998-03-02
493731c3-0eaf-4c6a-9e4d-2e2a92ed859f,Escanaba in da Moonlight,120,Charil Swanwick,1995-01-29,1995-11-14
6fd9111d-813a-457e-b4c1-8b4b660c7691,Vice,93,Aggy Peek,1993-11-02,1999-05-28
829ede84-f2d8-4736-bfd9-b6771a1bf2a6,The Broken Jug,69,Pearle Revens,1993-10-04,1996-06-07
dec46aa2-afb5-405e-9207-439bf9db179e,Die Hard 2,108,Adriane Parish,1993-02-03,1997-12-04
7a0b8bac-e901-4288-b109-5f14d50099ec,Breakfast at Tiffany's,97,Selinda Hassett,1991-10-02,1995-11-27
5616b6ae-52f0-47f2-99bc-b4794d2a0203,Point Break,112,Orsa Culcheth,1994-02-19,1997-09-03
bcfd2a50-468b-42e6-a81b-443fd4fb002b,I Accuse,105,Terry Beddis,1992-06-29,1997-06-01
95e36022-ce12-44b8-97e1-d133ad5cffd1,Beerfest,102,Aube Liccardi,1991-05-21,1996-07-06
4e1b8bef-936d-4070-a930-00de94807b3b,Carve Her Name with Pride,89,Merola Balsellie,1993-07-13,1995-12-30
0e36b435-5b5a-40d2-99ee-0e4f5d4d92f1,Desert Heat (Inferno),89,Koo Digweed,1993-11-26,1999-06-03
ee7b4bb4-efb9-4d67-9b2b-f0ca81728db2,Deathsport,71,Bernetta Kayser,1995-10-31,1998-06-26
d0b9ab48-36e0-46f9-b203-b011bd7a56ae,High and Dry,68,Cull Vardon,1992-03-11,1999-10-11
ffe3ba9a-ce5e-40b8-8027-de1de8d60594,Which Way Is Up?,113,Redford Curness,1995-04-27,1998-03-25
a21972cd-14c8-4973-83a7-05cb5d15212e,Identity,109,Teodoro Batchellor,1993-11-13,1997-11-25
1f0cfda3-cc3d-4a6f-87c1-4111e476b35f,Into the West,71,Marleen Hattiff,1992-12-06,1996-02-21
935c8841-2141-4fa5-99cc-c673dd25bba6,Squirm,66,Cicily Luscott,1995-09-27,1996-05-25
7d005585-a1df-48a1-96c1-83557edb6cea,Heima,92,Ramonda Potier,1994-11-28,1997-04-03
f40554c6-d03f-4b45-b180-158a45df4c7a,Die! Die! My Darling! (Fanatic),69,Edlin Tumielli,1994-12-18,1998-07-23
106c722c-a23b-418a-8d86-a41ecdcd67a7,Evil Remains (Trespassing),95,Ava Cary,1994-01-09,1995-12-01
dab4c3d5-13c5-40b8-a637-b7eb3c925c14,Four Sided Triangle,91,Mallorie Jancik,1991-11-25,1998-04-10
cf4fd3d5-4e45-4ce6-83b2-4c261bde56fe,Dreams That Money Can Buy,97,Marianna Herity,1994-12-27,1999-08-10
86a060f3-0d15-45cf-9303-fb03ad06730f,Redline,104,Samaria Ikin,1990-10-09,1998-02-05
4a846b80-4dc5-46a3-8356-542fd2ace1f8,Miracle on 34th Street,91,Jimmy Kabisch,1992-03-11,1996-08-19
cad36cc3-5041-4538-9dc9-870b7b2a8a61,Jade Warrior (Jadesoturi),80,Correy Sango,1993-03-20,1997-07-14
571d4516-e1db-4c6c-a33b-072ce6b92ae2,Dr. Otto and the Riddle of the Gloom Beam,122,Adelice Shevels,1993-04-13,1999-01-01
7fafd8b1-2790-4c86-8ef5-1cf6f26e15c7,Papa,108,Zachary Caldecott,1990-12-18,1999-04-14
fda1fd38-f432-413c-b0a9-3d4df7c768e8,Pray the Devil Back to Hell,88,Pepi Highway,1992-08-19,1999-09-09
666afd20-c732-4af8-af47-70243a210ce0,Alfie,123,Merrili Ronan,1995-10-09,1997-08-22
8619c6ac-2b11-40b1-a009-de33535656c2,Mickey,83,Berty Dewerson,1992-12-02,1997-11-22
83b07d30-e038-4fc0-9ca6-6af69427b5af,Swept Away,81,Maude Maciejak,1995-06-11,1998-04-04
f5706eed-3915-499d-8792-77dae9ff2109,Partly Cloudy,79,Marigold Smalcombe,1992-07-08,1998-10-15
550eca00-2599-40a4-ba55-1cec1c629afa,Sylvia and the Ghost,109,Danyelle Rundall,1994-02-04,1998-11-27
ab3a897e-b135-4f4c-abd9-da0766b3af65,Mask,109,Jarrett Duffell,1990-09-23,1999-06-04
deb16085-3a1c-4029-bad1-727f7a77ad98,Step Up,96,Carlotta Meffan,1994-01-10,1997-07-25
149e4996-bb64-47a3-ade0-c2b43d734d87,Small Time,96,Nisse Bifield,1993-05-31,1999-01-07
5556e730-a021-4567-a72f-1b4542fb1814,It Could Happen to You,84,Brittani McGenn,1995-06-15,1997-03-03
04ef1c6f-eb9b-43c2-92a6-1ab1773bb2a7,Death of a Bureaucrat (La muerte de un burócrata),87,Travus Tranter,1995-04-04,1996-04-15
0dc86f62-ed66-4fe3-a8d6-32e62627a24d,Los Angeles Plays Itself,120,Rickie Baumford,1990-12-27,1997-12-07
071e3485-0c4b-4443-9ec5-c1f040e3b901,Henri-Georges Clouzot's Inferno (L'enfer d'Henri-Georges Clouzot),86,Barry Boothby,1992-11-13,1999-01-09
14539f6c-849e-43ca-b6e4-f88454ab779e,Spiral,118,Trenton Uglow,1995-10-24,1996-06-28
d3b7a9f1-a169-4ba5-b3f8-2294b7200e79,Father Goose,66,Mal Pinkerton,1993-11-03,1999-09-15
726ad133-0558-4e16-983f-5ba068f57086,Good Boy!,107,Juli Rosenqvist,1995-03-26,1998-03-04
766d74b8-2641-413f-a5c5-eb0d205dd54d,Polisse,82,Efrem Dyneley,1992-11-24,1995-11-23
34e65207-6925-491d-980a-e1ab6dd85a8f,Starfighters,97,Minerva McIntee,1991-07-20,1999-05-18
0b9ffb61-920f-40e0-97f7-17df8193f833,Wondrous Oblivion,119,Cary Durrant,1994-04-03,1999-11-02
565d58ef-83ed-4d94-9a2d-40fc6a25cc53,Fragile Trust: Plagiarism Power and Jayson Blair at the New York Times,81,Eduard Pardue,1993-12-02,1996-01-02
4106e4e5-86e9-403a-8680-06fd2702c85f,Disfigured,117,Nadine Spottswood,1995-06-12,1997-08-03
1fbb7e35-eb21-4093-ab29-ce208a3becf5,My Life in Ruins,67,Toiboid Duffet,1993-04-05,1997-11-14
4ffda0e9-aaa1-40b5-a238-b85df8a3ab7b,Big Street,109,Loise Sheppard,1992-10-30,1997-05-29
da97875b-27e7-4f28-a18a-ebf1686b65da,Hundred-Foot Journey,123,Jaye Stonner,1993-03-17,1997-10-18
afee6edb-4a1a-46a6-b77a-827e55dc24d1,Ulzana's Raid,109,Kaylyn Kinset,1995-03-08,1997-08-05
84cfa7bb-71e2-4f8e-af6b-1c6c71d74bfe,Mr. Woodcock,101,Frank Holme,1994-02-01,1998-11-30
e4216c00-eef9-4b6a-a4a4-3729c42b83e0,Musikanten,94,Donica Powderham,1993-08-24,1996-09-29
391dfeb8-1bcc-44c8-b1af-360d1e3a97f9,Helter Skelter,86,Page Sorsby,1992-03-03,1996-06-06
8871ec4d-9fe1-44d4-aea0-fb0e83e9ede1,Guardian Angel,100,Woody Cumpsty,1993-12-28,1998-10-24
6baa4082-ccaf-421a-a05e-66b537155791,Hogfather (Terry Pratchett's Hogfather),101,Tracey Dulinty,1992-06-30,1998-08-15
ccf85c66-b1c7-4c98-98b3-7e37db56f308,Machine Gun McCain (Gli intoccabili),118,Morgun Pharrow,1991-04-03,1999-09-22
23d3d4ad-ac28-42ae-855d-74d9c82ee4a6,Incendiary,100,Teodoor Anscott,1991-04-28,1996-04-28
bc6c7fe5-b631-4e38-828f-f568b39af283,Humoresque,99,Levey Flade,1994-08-17,1999-04-03
bf504544-8736-4251-9c7f-6ece79a8ad46,Taxi,123,Elladine Iacopini,1992-09-14,1998-12-03
b0118999-deef-4cb5-a5b5-edade332cc92,Fugitive,109,Ambros Hawkeswood,1993-04-21,1997-03-24
72f74799-b372-4e10-8508-108a062bae5f,My Friend Flicka,66,Dario Puddifer,1993-07-15,1997-08-09
a0556ad6-047a-4226-b49b-eb6f9f9edc8a,She Cried No (Freshman Fall),95,Laurella Guihen,1994-05-12,1996-11-13
145ef0ad-0093-4c4a-b4d8-d5db80b0aeaf,PCU,92,Jana Pollins,1994-04-01,1998-06-10
bbdc3950-9ff1-4e3b-9042-ccc8b4e37bdb,Happy Event (Un Heureux Evénement),65,Cassaundra Brea,1993-03-11,1995-12-17
b2942ba7-aa06-4bbc-9cdb-3c06bf1c4f54,Summer's Tale (Conte d'été),71,Penny Malletratt,1994-01-08,1996-12-20
38bdfc44-0a62-49d6-b247-d941daf901c8,Bad Boy Bubby,108,Feliks MacHoste,1992-09-22,1998-11-05
97786068-7734-4815-8fe7-228a7a4f31e0,A Summer in La Goulette,70,Linda Murrhardt,1994-11-28,1997-04-25
4facab17-c754-4ec0-a5a7-e5aa9e737876,Tales of Vesperia: The First Strike (Teiruzu obu vesuperia: The first strike),113,Lil Boulton,1994-10-30,1998-10-27
0880f5da-5824-4d17-b8b4-baa920468905,Sisters,90,Rowe Schutt,1995-05-30,1997-01-31
9dd622c9-2b02-4fa2-af4f-1afd70167266,Boy Eats Girl,82,Wit Ogles,1991-03-02,1998-08-25
7c8a7a08-1f8d-4de9-807f-6a7602f77cbe,Revenge of the Zombies,95,Gabi Ellsworthe,1995-04-04,1996-01-08
3d6cfe15-0083-4e1d-83ff-10d597cc262d,Huey P. Newton Story,83,Warde Fuzzens,1992-11-26,1998-10-03
b267bb84-18ce-445d-97d6-5e0014e558be,You're Gonna Miss Me,97,Aretha Sherwill,1995-03-11,1996-03-19
12c0a526-0eb2-4ace-94f2-698154e9b9ab,Pray the Devil Back to Hell,120,Lionello Gherardelli,1992-08-15,1999-03-18
e211dab2-1a05-49ca-9892-fdb92d3234d2,Breaking Wind,118,Prent Syms,1995-03-03,1999-08-19
92650044-94f6-4065-90dd-c326f4be49fe,End of Watch,105,Gerhard Klyn,1992-02-11,1996-05-24
d1322459-d72b-479d-ac80-605f2747e72a,Ace Ventura: Pet Detective,80,Valaria McCreadie,1992-09-20,1996-12-27
9dd7ea7e-7d7e-4e8e-aa2b-77492e279a7e,Night at the Roxbury,81,Jemmy Tavner,1994-09-11,1998-08-11
da823d62-f8d0-4fd4-a99e-b0f8674389b9,Vääpeli Körmy ja marsalkan sauva,108,Sonia Sawle,1994-07-29,1996-11-29
400afdc8-c810-4f43-b2fe-a94e8f415a4b,Vicious Kind,99,Silvano Salisbury,1992-02-17,1997-12-21
f2220fa7-ea44-47d1-849d-089589efe554,Exiled (Fong juk),68,Mariska Markovich,1992-08-26,1997-10-31
c7e6ab53-f7ba-4d35-a049-eefbb255b6f2,Bank,103,Wiatt Duffrie,1993-05-15,1999-01-14
ce282c8b-14cf-4ef1-ba13-28d100a60313,Applause (Applaus),76,Nicoli Despenser,1995-06-11,1998-01-28
b591fab9-7144-48bd-b184-ffd02dbcfbb9,This Is the End,67,Lucina Linham,1993-04-04,1999-08-09
e66a2a2e-2ba7-44e4-ba0c-1d1aad5fa9a0,Flash Gordon's Trip to Mars,108,Casie Shevelin,1993-10-17,1999-11-06
4137d942-50bb-4b11-af8d-af7823feb7a7,Young Guns,76,Aldrich Bertlin,1994-01-28,1998-01-01
10de792a-4b58-418c-a98b-eaab583fd428,London Boulevard,113,Calla Traynor,1995-01-18,1998-09-08
dc84e59d-09fd-4767-ae18-a310d6746c74,America's Most Haunted Inns,85,Joshua Winfred,1995-08-06,1996-03-15
94beb35e-95f6-4c50-ba80-6866cebd0717,Winter Nomads,76,Porter Daice,1990-11-25,1999-01-21
f7391ad3-9ede-4f79-9238-c15fafb5fe9b,Last Stand At Saber River,120,Hally Giampietro,1994-10-14,1996-11-09
aacf1154-23ba-4b94-9235-5431dbf5252d,Just Friends?,105,Erhart Ogan,1995-03-10,1996-11-18
ee890092-9622-4302-bb9a-b4c036ec94a8,Recount,76,Cassey Creaney,1995-01-10,1999-06-17
7d555c94-3561-464d-97f7-e73ead2b1aa2,Octagon,82,Lillian Betteney,1992-10-09,1997-06-23
4497f955-7807-40ba-9388-003bf002f024,Nightmare in Las Cruces,68,Jillie Warboy,1993-04-13,1998-12-13
877d9677-6726-4076-b747-5caf39839de3,In Name Only,107,Gerome Maddison,1994-11-29,1997-12-12
69840cb1-66bf-4573-adda-cb61acb4949c,Battlestar Galactica: Razor,84,Zabrina Houdhury,1992-02-04,1997-12-25
77d5cd2f-b438-4efc-a76c-d00a2c514c84,Absolute Power,98,Filippa Marsters,1991-11-12,1998-07-21
0f3f720f-876b-4f1f-8ae8-cc77e2cdf675,Chasing Beauty,69,Sanson Dullaghan,1993-08-27,1996-07-14
5ded3be5-f0be-4d5c-877d-578d1b78a2ae,The Year Without a Santa Claus,105,Candis Fall,1993-03-25,1997-12-26
f436e79c-fa56-4409-96a4-876fcda06225,OMG Oh My God!,115,Fabe Scrivener,1991-08-22,1998-08-23
0ef6fb09-ed55-4265-b030-2cb8cc94ea8f,She's Out of Control,107,Jennica Lethby,1993-09-12,1996-12-01
a1d1557b-e1ed-4f0d-8e96-96d8d43effe3,Santa Claus,65,Crin Strickland,1991-07-02,1998-07-24
5b3ffee6-3189-4370-b551-3cc9e07e61c8,Four Stories of St. Julian ,101,Aurlie Etchells,1991-01-06,1997-09-01
98efe9f8-8c76-49ed-aaad-336358032b7d,Shattered,121,Free Collough,1993-12-24,1996-07-30
185407ab-3877-447f-9933-5154acd97e34,Itty Bitty Titty Committee,83,Tildie Wenman,1995-05-21,1998-07-26
2e504820-ce69-4f86-8eab-697ec0c64505,Walk on Water,117,Cy Dale,1993-05-20,1996-03-15
39d47838-3d45-4773-b029-ad2d205d2a3d,For Love and Gold (L'armata Brancaleone),99,Uriah Denton,1993-08-25,1997-12-22
2da3fd3a-3b2f-4b17-ae5f-beab0df14411,Call Me Bwana,101,Wye Weldrick,1993-06-13,1997-11-19
1757ea77-5fa2-412d-9026-01e04c7a1367,Average Italian,72,Rochell Uff,1994-12-10,1996-09-19
b2a57319-7f10-4847-8ffc-3848ce32a738,Double Team,68,Sky Blasetti,1991-11-15,1999-05-06
de9fb75e-2bf2-4a2e-ba7c-9b09cfe53884,Tomorrow Never Dies,78,Ame Van Der Weedenburg,1991-04-02,1997-11-27
d5b430e0-020a-4a7f-bc2b-ccafc7a6153a,Flight of the Living Dead,101,Davine Sterry,1991-04-22,1998-12-18
2ae7fc37-4d18-4870-b9ab-87505755479f,Tales of the Grim Sleeper,98,Andromache Teather,1994-11-20,1998-09-16
dbe9b560-7de1-4edf-b55e-3e380c08f7e9,Rink,122,Ruddy Causier,1993-07-12,1996-06-22
4c6200aa-654b-48f6-ab95-f0a4abbbfe98,Sunset Blvd. (a.k.a. Sunset Boulevard),114,Johnath Brugger,1994-05-31,1997-04-19
520dd0df-a56a-4afb-bb8d-575eb5a060b8,3 Strikes,118,Leland Woffenden,1995-02-10,1999-10-18
1846c4c2-3c25-4711-8166-c176555d64a6,Not Another Not Another Movie,77,Dotty Caghy,1993-08-13,1998-03-12
6c476a6c-9edb-4655-aefc-6703e8755984,The Hunger Games: Mockingjay - Part 1,95,Caty Gook,1990-12-10,1996-04-15
aed4c612-4f74-4c4d-ba4d-7649a30d5147,Jerk,82,Emmalyn Beevors,1992-09-03,1996-03-11
70545797-6558-4412-b891-f1dcf5c538e6,Michael Jackson's This Is It,116,Meta Watkin,1993-01-13,1997-10-19
c350699b-7fdb-443b-8fda-f348e5284a0b,Best of the Best 2,82,Paule Parrin,1992-01-31,1999-01-23
b36f8462-8866-4c05-84e3-2e5e83a33127,Human Family Tree,89,Webb Abbado,1992-06-08,1998-08-19
a49786e2-e1ed-426b-9f52-5714ac3b870e,¡Qué hacer!,97,Hy Clearie,1990-11-08,1998-11-23
f10207a5-a7e7-486e-9cfe-88be204372bb,History of Violence,111,Morlee Mountain,1994-06-24,1999-07-23
4cae9870-b5aa-4951-8143-77344f2af3b0,Promise of the Flesh (Yukcheui yaksok),117,Joni Olivari,1992-07-12,1996-05-10
c63d5337-9711-4759-aad7-091db978de77,Vampires,99,Aaren Delleschi,1992-09-24,1997-02-06
759f76e6-ad52-42d6-97e5-7eb9831ab9c5,Role Models,104,Lianna Gaize,1995-09-26,1999-06-05
46b2df86-eea8-4b6a-a2fc-d842387ae047,Camille,89,Tove Greenhaugh,1991-06-15,1998-08-17
19f0038d-5924-4ad2-9317-d1077609fd34,Alone for Christmas,94,Bessie Hemerijk,1994-05-13,1996-04-18
3cd5e451-50bc-4dc8-929f-cf7e64383616,Black Butterflies,99,Grier Rummings,1991-02-13,1997-02-23
f7728530-b1b9-4cfb-b95d-15661c37f269,As Far As My Feet Will Carry Me (So weit die Füße tragen),113,Sukey Maffucci,1994-05-07,1999-07-23
b51ff5ad-1251-4ecf-aa5e-b1f6e9c15eb9,CBGB,119,Larina Macrow,1992-04-05,1996-01-25
77f648e2-3f70-4f06-97db-f7d222c1f9d3,Good Son,70,Waldemar Budgett,1994-01-17,1998-06-20
a5994368-7102-43de-9911-36f50a06a494,Up the Sandbox,109,Giorgio Mosedall,1990-10-17,1997-11-10
759f934f-c157-45d3-b199-deb93c05a9f3,War of the Robots (La guerra dei robot),82,Maddy Karpinski,1995-05-29,1999-02-24
fbf4d57b-559a-467e-ae90-052c5360f3b0,Real Steel,97,Brenna Belz,1995-01-24,1997-06-15
121c3490-7a91-4a21-a2ba-4e5475f20409,Lab9 Event,101,Arlinda Eades,1995-04-10,1998-08-01
7aefea2f-bffc-48df-8d58-0a29d6bedd34,I Was a Teenage Zombie,70,Becca Challice,1991-12-17,1996-04-19
0872f225-53fa-4674-b1db-7959a39ee261,Young Thugs: Nostalgia (Kishiwada shônen gurentai: Bôkyô),92,Sampson Stanwix,1992-09-30,1996-03-26
49640d94-92eb-43f7-bd96-a34a07d488e9,Pastoral Hide and Seek (Den-en ni shisu),120,Kristal Milesop,1992-08-15,1998-06-27
e4ddbcc7-ab65-4b0f-9ddc-b0d98c8a5d69,Great!,97,Stanleigh Sinnott,1991-10-06,1999-03-22
2477fdf2-e4c2-46a4-942e-44d874cd6d67,Chilly Scenes of Winter (Head Over Heels),67,Mollee Maddison,1992-09-11,1999-08-11
fb597b88-aa07-44d8-bc51-092a9121bb95,Flower of My Secret (La flor de mi secreto),71,Wald Glowinski,1991-10-09,1998-02-04
d4d2d66f-53fa-41c8-82d4-e105f99fcaf5,By the People: The Election of Barack Obama,82,Georgia Fibbens,1991-08-29,1999-03-06
c749ffaa-bd3b-465b-ae03-dbc6aff5a208,Divorce American Style,115,Laure Elkington,1993-08-14,1999-08-12
5daadff6-2571-40e8-8d57-84722ced33b3,Noel,80,Franky Demschke,1995-04-02,1995-11-30
ad30eb8a-1a10-42e2-b348-bca7149fa19b,Better Housekeeping (a.k.a. Good Housekeeping),118,Margret Cuncliffe,1991-10-27,1997-06-01
3603e1e5-0b0e-48e1-a647-de148dccce5f,Enemy of the People (Ganashatru),83,Ara Geerits,1991-08-27,1999-01-14
de384d2e-dab0-4e0d-a764-6bc74113afb1,Paper Moon,96,Rosetta Madison,1991-04-02,1999-04-17
5d2c0087-0ebf-413e-aaad-1ec829731a2a,Severe Clear,116,Cordelie Daltrey,1993-05-26,1998-08-12
f8b9d26c-69ae-4a3c-bf52-6cb1ec2b5277,City in the Sea,101,Kort Frede,1991-07-06,1996-04-05
15adb17f-08bb-4b7c-99b4-259265fd8c71,Saint John of Las Vegas,86,Chrystal Dundridge,1994-07-30,1996-10-21
536a519c-ba57-4359-a111-6f399cc3fc45,Beautiful Troublemaker (La belle noiseuse),108,Kaleb Sclanders,1990-11-20,1999-03-23
2b9e8b83-f902-4ce6-ba11-804d74ed883f,Hurry Sundown,93,Jammal Vero,1993-10-23,1999-01-13
764764b5-6326-41cd-b78e-3e5502f8b9de,Eye for an Eye,118,Shari Giovannazzi,1995-09-09,1998-09-15
2a074374-2aa1-4335-9b69-92c8b542b4c7,Snow on Tha Bluff,70,Valentijn Pomroy,1995-01-11,1999-07-06
58bf7458-a645-4f45-896f-6c24ab1b01b3,Iron Horse,71,Victoir Vest,1995-11-06,1995-11-19
30df4894-f08c-457a-95d2-7250d83e8f67,Bribe,76,Garwood Dives,1995-02-17,1999-09-23
3d30050c-db0e-4ba8-9224-2743138b247a,CBGB,70,Drew Tynewell,1995-04-21,1998-03-11
89c6ca55-9f03-40ed-8216-00b4d28936e4,Cloud-Capped Star (Meghe Dhaka Tara),116,Meade Jeffes,1991-08-13,1998-11-17
02fbfd5a-4b96-4c21-b650-11f2e87795cd,Friends (Les Amis),78,Wilhelmina Costard,1994-06-24,1999-02-20
048ed622-0d97-4d2c-a4d7-9b76e1997215,Wings of Eagles,69,Carlina Megany,1992-06-06,1996-07-03
f56795e9-cd04-44c0-866a-d53d4b44bb37,Tales from the Golden Age (Amintiri din epoca de aur),117,Robbyn Barkley,1994-06-26,1999-05-12
24389c5a-e864-4ba3-82c0-13f39d4a49de,Unholy Three,65,Cacilia Tixall,1994-05-27,1998-09-19
e6bb0c91-ef53-482a-8645-f937d027061c,Badge,87,Twyla Potier,1994-03-11,1996-11-20
12a3544d-4f9e-4f7d-b6ec-90131e38b349,Muppet Movie,95,Scotti Heddon,1992-10-07,1998-08-15
52c73fbd-4e35-4293-abd2-0f5e16a5d0f7,Losing Isaiah,100,Margo Brittan,1993-02-19,1997-04-10
fced1e44-0bb3-4fdd-b57f-ec249097dca3,Aliyah (Alyah) ,84,Rochell Demsey,1992-06-23,1997-03-02
eb33e647-27a5-4a5c-afb7-13f1902fea84,Army of Darkness,89,Bell Giorgi,1995-07-09,1997-06-24
fd9852c7-3c7c-438f-bada-9a03e693bb53,Jean Renoir: Part One - From La Belle Époque to World War II,84,Rafaellle Balham,1995-04-13,1997-03-11
a61e20f6-c1e6-40ce-80c5-348083536e12,Avengers,70,Klarrisa Hallard,1994-03-26,1998-05-11
ef0f61ef-71ea-4126-a8bc-686fe23da789,Cinematographer Style,90,Irita Ferrand,1995-01-10,1996-01-28
322250bb-72ce-4cb5-86d2-cd129af7c0f7,Halloween II,93,Karoly Aylen,1991-11-09,1996-08-16
e2439a7b-e7db-41aa-a030-a9574fd00448,In Enemy Hands,82,Abelard McIndrew,1994-06-12,1997-06-09
d8cb7a0e-0150-478f-8c1a-65f9e368db5b,Ishtar,123,Iggy Pyett,1993-04-04,1995-11-25
b9d7ef41-a3d9-42b9-a576-6870afeb0bb6,Last Stand At Saber River,111,Kelcy Blamire,1993-06-17,1997-04-07
58ab357c-2438-4d54-ac56-5de4ed41879d,Things Change,118,Titos Doumic,1991-06-15,1998-05-18
96c30f6e-f006-45e0-ab3d-67ac9b4c37d3,Jason X,81,Hollyanne Browning,1991-01-10,1996-07-14
f1bb266f-e8de-4fd4-aa18-41d513c505a4,Lost for Life,83,Elisabeth Ockleshaw,1992-05-26,1998-11-17
0c7cbadd-c491-40e6-9bc7-68b0b49baf46,Champion,68,Antonino Dibner,1994-08-02,1998-12-17
367cab72-9e78-4bcf-930a-70b52770bdb6,That's The Way I Like It (a.k.a. Forever Fever),90,Jemimah Kohnen,1992-05-18,1998-03-13
5f1fe533-1834-44e1-a172-edd15cc72d75,Black Fury,84,Eveline Barkaway,1991-10-16,1998-01-14
06ccaae1-fdb5-42e5-9c23-a3bab1518d93,Aileen: Life and Death of a Serial Killer,74,Jada Summerbell,1992-08-01,1996-07-11
84f7a2dc-75e6-49a1-8668-c153408930f0,Temptation (Tentação),114,Costanza Teape,1990-10-19,1996-09-02
88949e2d-b210-453d-b68c-9de119b94572,View to a Kill,82,Milton Derisly,1991-11-23,1998-11-09
75e0cab5-9e06-4ed5-81fc-ec14c106ee64,Paper Lion,86,Carlee Veale,1995-04-16,1998-05-20
c728fffe-b3ec-48f8-bebe-be8475430fe6,Great Caruso,96,Rog Millhill,1993-10-05,1998-01-27
308f2163-4010-4fd1-893d-7cfcad2171eb,The Perfect World of Kai,91,Niko Halfpenny,1993-05-30,1997-04-14
a41234ce-d406-4985-bfd2-a70590788d96,Carts of Darkness,76,Ike Lorenc,1993-06-23,1997-11-18
4a999237-d103-44a1-bcc5-e8580c8a74bb,Princess Bride,106,Kylen Bottini,1995-01-12,1999-03-23
015a6f0b-4b26-4225-bc8a-80005e778e8e,Swimming Pool,107,Sven Smillie,1995-03-01,1996-01-25
3fdabfc8-685a-4378-819e-b014c3341cbd,Shiri (Swiri),104,Tiena Toohey,1993-10-25,1997-06-30
fc5cf6f5-9b32-4643-b3c3-2961adaebed5,Baby Face,122,Dyann Mintram,1994-05-23,1996-05-11
7dc67af0-6a58-460d-9a2c-7555b1573a60,Torn,82,Aube Legat,1991-12-02,1998-01-09
b4c1b721-fee2-4027-b182-633e3bdc180c,I Spit on Your Grave (Day of the Woman),121,Prudence Worts,1992-03-22,1997-07-16
294a8b9f-1ac0-490d-8ca4-8c5b6990aa3b,Goodbye World,68,Charmane Ludvigsen,1995-04-04,1998-01-04
0c8afb14-01df-4df0-a140-2e76d9463445,Amen,91,Rik Maleham,1995-03-20,1999-07-05
8cff547f-fe52-4769-92c3-c916070c4371,Ghost World,91,Car Dmiterko,1994-07-14,1997-02-14
7d79b4f7-b183-4086-8343-c3d02b88ef70,Lot Like Love,108,Nick McCrohon,1994-06-21,1998-08-24
e2b7b31c-a3a2-44e0-8ff7-cae017d067af,Daylight,114,Cherlyn Cartwright,1995-01-08,1998-03-07
d5ef8888-775b-452f-9f5b-bfd851dc56f2,Bite the Bullet,101,Elora McHugh,1993-05-22,1998-04-13
05d61c39-4d09-4408-9773-cac222aff6cf,Forever Mine,78,Brandy Cheesman,1995-04-21,1997-12-14
7cc9f6b9-d357-4f8b-8142-a19e461f2e5e,Taps,101,Freeman Blondell,1991-05-26,1998-10-28
110f8763-9263-47fb-9cdf-3758154f4800,Friday the 13th Part 3: 3D,113,Sky Littley,1992-04-30,1996-10-05
da6cb1f8-9524-40cf-aebe-d1c77f251e78,Viper in the Fist,116,Rubin Attard,1992-04-14,1998-07-25
cc07622d-a854-4094-a51e-b78acd613118,Sexmission (Seksmisja),79,Whit Sprasen,1995-04-17,1999-08-13
104bc8c3-aa09-45dc-861a-39da58a44a24,True Heart,117,Reube Izac,1990-11-14,1999-06-26
3d0a72e4-9c4c-4e83-aed8-a7036b3e47a2,Rumble Fish,95,Shir Ousbie,1992-02-02,1997-03-11
4504e6f3-8602-4b9d-b9f1-16cb89a5ad9b,Facing the Giants,73,Cointon Grove,1993-12-24,1998-10-05
15ac1ea1-9829-44e7-97f9-84f0265ed5ca,Back Door to Hell,95,Vonny Hexter,1990-12-05,1995-12-20
1d999f32-6fa9-4edd-b821-6d335570e550,Who the Hell Is Juliette? (¿Quién diablos es Juliette?),93,Ramon Pulbrook,1995-06-15,1999-09-09
d4a9e992-c29f-4095-87b7-6396e0b93509,This Ain't California,88,Gustave Cragg,1991-04-27,1999-02-02
edf0695c-5590-4e66-aa0d-2a2ca1800a6f,Underworld: Evolution,72,Ophelia Burril,1994-08-13,1997-03-08
54962803-fc5c-4b9c-aa1b-5a29d09986ed,Amateurs (Moguls),119,Ophelie Skipping,1994-07-04,1999-03-05
4e5d28b8-ca2a-4898-8cfe-6dc29df8f9d3,Aberdeen,120,Doloritas Twell,1992-09-18,1996-12-16
cc18587c-9809-4974-b7bb-d5b305e376ca,Zombie and the Ghost Train (Zombie ja Kummitusjuna),88,Gilberto Wickrath,1995-03-29,1996-02-05
7cabfec3-030c-42d1-94b9-1a4060da4db9,Imagine That,65,Andrus Pritchitt,1995-09-14,1996-02-19
8d992fec-b60b-4e30-9f18-af73f6fd33b4,Statue of Liberty,92,Even O'Keevan,1991-03-03,1996-08-10
bd30f5c4-ea7b-4169-af89-d048f882cf4b,Spy Kids,106,Odille Burren,1992-01-19,1999-06-09
52fd7dba-bec4-45e4-bfcf-cf4a21f835a1,Stitches,99,Laurens Rodrig,1993-06-18,1999-07-17
515f3eb8-4ef1-4def-ae3d-f64086e1f7f5,Arsenal,89,Burk Toone,1990-09-09,1997-09-28
69e68003-4b7a-425d-8080-b90dc04829bb,Witches (Le streghe),118,Haydon Dartnell,1992-03-01,1998-04-03
431e5152-bea7-41ee-a4af-83fa9e6d1e44,Robinson in Space,108,Archer Easterby,1993-10-30,1996-04-05
3851e9d3-2772-438c-850f-84312b9856ff,Pariah,88,Royall Amburgy,1991-03-15,1996-08-08
5e7e37df-7539-4b1e-9877-494bac36452a,Making Plans for Lena (Non ma fille tu n'iras pas danser),75,Kylynn Anthoney,1994-12-01,1997-06-03
c61ad892-ac0a-471a-b489-68fdc4bff1dc,Crimes of the Future,86,Ulrika Ecob,1992-03-20,1997-01-20
b244c5a5-fe44-4972-9caf-103335e2d0ff,Jason and the Argonauts,115,Dennet Sherr,1992-08-24,1996-05-11
16a24300-3099-4ae5-b268-bd9efa6473ce,Stitch! The Movie,106,Normand Pardoe,1995-10-10,1996-06-09
657ae556-652c-4a32-aaf2-1807c049c9f5,Live Flesh (Carne trémula),83,Joelle Wiltsher,1991-10-07,1997-12-05
ff56fe03-7762-4c9d-b4e1-f2faef237ee0,Pauline at the Beach (Pauline à la Plage),67,Neilla McLane,1992-01-15,1998-01-19
eba7cb46-a696-4913-8bd5-27a1c7e7b579,Montana Sky,84,Agatha Bettlestone,1991-08-19,1997-04-20
2ea2fb24-f55a-42db-8388-d2f96e003e29,Dororo,98,Hewett Jimenez,1992-12-02,1998-01-20
f27b55ab-651b-4512-bd73-f960c2a5cd02,Color of Pomegranates (Sayat Nova),117,Birgit Mutch,1993-10-13,1996-09-16
55068077-73e7-4b7c-a34a-9d9575d1670b,Wendell Baker Story,119,Luz Jehaes,1993-04-27,1996-08-13
a28d18ec-d2cc-4448-8055-22266c735ff3,Storm Center,91,Morena Demonge,1992-11-12,1996-03-31
bb5d94d6-1160-4cad-892f-84b1b87330e3,Angels with Dirty Faces,122,Vilma Llewellin,1993-03-24,1995-11-30
db3c0a49-f058-4e63-a896-ca2b133a15b6,Bank,119,Kimberli Leake,1995-01-25,1996-11-07
27db7cde-cd71-4b22-b69e-188564e4dd8c,Gia,84,Laney Rospars,1992-08-09,1999-08-14
af1903aa-8921-4c37-a633-7503e1bacac4,Captive (Prisonnière),104,Astra Mattacks,1993-05-26,1997-04-15
b993f483-d731-494d-b815-df6906658c36,Nightmaster (Watch the Shadows Dance),94,Kippy Playfoot,1995-10-30,1996-08-31
a4d397b5-459e-43de-a1c5-8dc93e8e1929,Buffalo Soldiers,84,Archibold Lagde,1995-09-15,1996-05-06
5532ec83-9226-42ae-8591-24ebceb2e4ce,Trans,77,Anette Kantor,1992-11-13,1996-02-16
232a43d6-62d1-47a6-83ac-b93fbf0c8f60,The Improv: 50 Years Behind the Brick Wall,96,Candida Lanigan,1994-02-15,1997-08-03
557feec4-dec0-414c-b10a-c4272673a3fc,American Pimp,99,Novelia Shera,1991-09-13,1997-09-22
c116206d-a64f-4bb9-9496-e40c2d3d9701,Cathy Come Home,78,Marlyn Rozet,1991-03-17,1996-01-26
1a904d87-b932-4324-9b82-186c62233a0a,99 francs,100,Alvie Alabastar,1992-03-26,1995-12-16
ff481201-e2e4-462f-bab9-b5510f26c522,Five Obstructions (Fem benspænd),70,Audre Evreux,1991-04-25,1997-06-23
61a99ced-f2ea-470c-a958-97bdedf7fb53,Them (Ils),94,Kaylee Elloway,1993-11-20,1999-05-28
cf766be8-3eb3-4974-bf73-50ff9e06b647,Talk of Angels,67,Rica Coleridge,1993-07-13,1997-02-03
9a7131bd-b772-4dda-8205-e9d72c12fbd0,Witching and Bitching (Brujas de Zugarramurdi),92,Silva Pordall,1991-10-21,1998-04-26
88ac454a-513a-4c63-8f2f-993fa71119cc,Mike Birbiglia: What I Should Have Said Was Nothing,89,Anatole Daudray,1993-07-08,1997-04-06
ec42771d-eca3-4a10-a4b1-3a462c6198a7,Rocket Science,82,Roarke Smeuin,1993-12-02,1996-08-22
d7053222-d871-4fc8-a2bf-df9e1b85f193,Bridge at Remagen,80,Thea Prichet,1994-05-13,1997-06-14
0005cbc4-3770-403d-892b-13e317bb58e5,The Boogens,89,Jada Dugdale,1994-01-24,1999-02-21
0213d8ff-7944-442a-811d-567070762e57,Passion,110,Kristal Hadgraft,1993-02-20,1996-06-30
aa152f68-b932-4ada-a96f-d3950767057c,Graveyard Shift (Stephen King's Graveyard Shift),101,Nancy Lomansey,1994-03-12,1996-02-26
e4f032d8-f4f6-4c38-bde4-baa1aa988f86,Gigot,86,Dorthy Grace,1992-09-03,1996-07-19
c52c8aa0-8428-4597-9b0f-6e302fa36ffa,Extracted,93,Vinny Tamblyn,1995-03-25,1996-03-18
821447e2-c53c-4a2d-a569-2c5f8d53aa35,Mayerling,109,Ardelis Cresar,1995-08-05,1995-12-20
f673e7be-4cfc-4a77-9cbf-eeb73f13394a,Savannah,94,Wilton Breede,1991-09-10,1996-08-05
11b2d639-c7d2-468c-a359-36a0ba61b532,My Super Ex-Girlfriend,104,Melitta Sedger,1994-07-02,1999-02-10
e2e06cf0-d087-4bf1-81fd-67b9181f418f,Donovan's Reef,104,Fredek Quinet,1992-04-02,1998-03-23
808f7d88-56fe-4068-a8b8-fc8f81499ca8,Far North,119,Nerta Gillyatt,1995-06-23,1999-06-26
fecc6c50-0b68-446e-8b12-b5dbeafbf1e8,Ash Wednesday,68,Brantley Werrilow,1994-10-02,1996-08-24
b48b9fed-d6db-41ef-9c72-6a283171d63c,Yanco ,95,Beryle Sarginson,1993-02-21,1998-03-14
ecd3fc8f-3eba-4b25-98ee-1fc00e8b04fb,Amreeka,104,Sonya Pierton,1993-12-02,1999-02-09
21c829c2-e8b9-421f-8d60-8a59beecb670,Show Boat,115,Tedie Scrowston,1993-12-08,1998-10-14
c4034ba0-869b-48f4-bcf6-d7a09ce37169,Mesrine: Killer Instinct (L'instinct de mort),84,Ruthie Ambage,1992-09-21,1995-11-22
788b019a-bac2-47da-ba0c-8dfe398838b3,Christiane F. (a.k.a. We Children from Bahnhof Zoo) (Christiane F. - Wir Kinder vom Bahnhof Zoo),109,Maximilien Londer,1994-04-14,1997-11-16
8defb56f-cf8f-4cf4-8c6d-fd234dc90d08,Sound Barrier,66,Mohandis Keegan,1992-11-19,1997-01-24
a44a2cb2-b090-43dd-8284-67339c298f1b,For Your Consideration,100,Ludovico Ladel,1991-08-31,1999-03-08
76854f6c-59ce-4e97-9750-f5276757fdf5,To the Arctic,100,Claretta Tschierse,1995-04-29,1998-04-25
dcbe2c8f-ee2d-4061-b007-c15bb844d550,This Island Earth,88,Audie Haysey,1995-06-03,1998-01-15
53f28fb4-7127-4ac7-87b7-952037048c56,27 Dresses,88,Rebeka Lissemore,1995-01-05,1998-03-12
36a35f3b-6088-4178-b6ab-3bf17a312dfa,Snow Queen (Lumikuningatar),87,Evelyn Yurikov,1994-06-12,1997-08-25
caf0469d-be2b-4900-bcb8-00fedfcd3c66,Cuban Fury,80,Wolf Maycey,1995-05-12,1997-11-30
80accf24-0617-4a10-80e3-498d43bbcd7b,When the Last Sword is Drawn (Mibu gishi den),72,Janith McOwen,1994-02-20,1997-09-18
3726fb83-aeff-4807-9aa4-1a9cc9985807,Don McKay,67,Marlow Smail,1991-06-25,1998-02-06
d0b7464f-3b18-4379-a610-7098079e9fff,Evangelion: 1.0 You Are (Not) Alone (Evangerion shin gekijôban: Jo),68,Ody Morcom,1991-01-08,1995-12-11
0d6dc957-7189-4c0e-9849-2f7f94dec1cd,Kanchenjungha,68,Reinaldo Mainds,1991-07-05,1999-03-21
531984b3-0c42-4b8d-8bd8-e97cd317eda7,Pariah,94,Laurie Dreng,1995-05-22,1997-05-04
1e6591aa-f833-4270-9354-020cf6246614,Noi the Albino (Nói albinói),84,Gordie Osgorby,1991-09-12,1999-07-03
9cf7a109-73a8-4a65-b6ee-0b043499c11e,Interview with the Vampire: The Vampire Chronicles,96,Isadore Webland,1995-08-19,1996-01-30
f2b9f1bb-c7f3-451d-8ea3-ae8420c511a6,Keep the River on Your Right: A Modern Cannibal Tale,79,Lilyan Gaiter,1993-09-25,1997-06-30
fcb97efe-d123-4a1a-ba9d-dfa10f892fc4,Garfield Gets Real,113,Bette-ann Gawne,1995-05-26,1998-07-24
ece5b85a-1b83-437a-92f4-d0f398e51dac,Take the Trash,89,Willy Cotgrave,1992-09-18,1997-09-25
7bfc8ec7-e497-4dd5-81ba-daf60623ec74,Halo 4: Forward Unto Dawn,105,Franchot Wildin,1991-03-12,1997-05-23
5e1fcc60-a5f5-4874-9923-42a18d58a785,Sissi: The Young Empress (Sissi - Die Junge Kaiserin),65,Jose Hampshaw,1994-01-20,1996-03-26
27e52985-11b2-4647-a594-abd4fc1bd9f0,Frankenweenie,121,Jecho Grinter,1993-01-10,1999-07-30
ab737831-8e21-42fe-a6cc-b4eb812307e5,One Way Passage,115,Regan Hicklingbottom,1993-09-24,1998-05-21
17f51e52-99fb-4a33-9d8c-42e8aa5f413c,First Descent,120,Jeromy Devigne,1995-09-21,1998-04-07
657fc290-55ab-4bc2-9a0f-516017179629,Bridge on the River Kwai,87,Hillard Ketley,1991-12-12,1997-07-08
bdb33761-0509-43b5-af51-d7bc932da532,Fear Over the City,67,Willy Felce,1992-01-05,1997-10-09
9a1e3cfe-6532-44a0-8345-284ca0103fc6,Perrier's Bounty,87,Rance Chagg,1991-07-08,1995-12-14
945aa3df-979d-45ea-91da-04d6b197a569,Angels in the Outfield,90,Tanya Allewell,1992-03-02,1997-06-23
2e07255e-4005-47dd-9803-be9cd09257af,Guys and Dolls,103,Kristian Crannage,1990-11-24,1996-12-06
0713cc71-b444-4836-a377-c55440a3ccd3,Fatty and Mabel Adrift,94,Thibaut Heck,1994-10-09,1999-03-01
28e80ff8-0663-4823-a146-a3972245e034,Owl and the Pussycat,106,Kai Jilliss,1991-05-01,1997-05-06
9d4a6d8c-f63c-443e-9b89-c15685298e88,Love's Kitchen,83,Wyatan Dawkins,1994-10-08,1997-11-20
4505bbdb-ce5c-4fcc-9d56-4d0516bf8635,See No Evil,73,Vincenty Steet,1991-02-03,1997-08-24
651f0779-acf9-4c69-bf32-745217b7f8dc,Man Without a Face,96,Sapphira Gerbi,1990-10-13,1999-10-27
7ad94a55-a519-4f18-a978-6ace76f540d6,Bombón: El Perro (El perro),95,Fiorenze Neame,1992-05-26,1999-02-13
3f59a1f9-1635-4384-85a5-9b6f68ff81aa,Flow,122,Zonda Williams,1992-09-25,1998-01-04
43d3f11a-c866-46da-89bc-354aababd93a,American President,100,Cherey Domingues,1993-10-05,1996-12-09
c9072148-f44e-47d5-a389-8abfbccd68c0,La Morte Rouge,86,Gypsy Rickcord,1995-09-29,1997-12-01
cbe6396a-b698-4a63-ab17-b3f116e85e63,Cinderella,111,Vyky Simonsson,1990-11-09,1997-09-29
2f5d6f24-6eeb-44fd-8c26-16698ccd2996,Antichrist,85,Tannie Boyle,1994-08-23,1999-07-28
3b546021-f607-4cb2-add7-2e355eebf35f,Meat Love,113,Rudolfo Firth,1995-10-19,1997-10-01
4d99d944-7ab7-49d2-a28c-f0327dd908bc,Guy and a Gal (En kille och en tjej),84,Jorie Gordon-Giles,1995-10-31,1999-04-01
bde4c2be-ae49-4f5c-a909-61b98fcd853b,Deliverance,80,Gun Fillimore,1993-03-02,1995-11-22
536b56b6-e691-4103-bf65-665fd02a9680,10.000 BC,81,Faulkner Venard,1991-02-01,1995-11-30
7315cd6f-deb0-4287-9193-580af19ac09d,Morning After,103,Bobbye Cicchelli,1993-08-03,1996-09-01
7405b858-fc6a-4d70-920d-8a01ce69e82c,Blue in the Face,75,Darin Farrin,1994-03-14,1999-08-03
1fe69435-4905-4dbc-9345-567df9911390,Alaska,118,Alikee Royste,1994-01-29,1998-04-05
693278d1-cff6-472f-9296-41223b537135,Ong-Bak: The Thai Warrior (Ong Bak),119,Malorie Hospital,1992-05-12,1998-10-27
40c6de93-a548-4e72-91e8-7d743a641069,Sunshine,116,Revkah Barks,1995-02-23,1997-07-08
a35cb770-1380-4308-9cfb-c91a5786601e,Holy Smoke,104,Kyle Moyse,1993-03-13,1996-09-24
6a558e4e-bbf4-44f5-b577-46cf017f5453,Two Night Stand,117,Rolph Leadbitter,1992-05-07,1998-06-30
3e827012-bc46-474d-87f0-7873ffbc6970,In the Heart of the Sea,105,Janene Spong,1995-10-16,1998-11-02
068d662b-758c-472c-aa59-f90e816bfcac,Time to Live a Time to Die (Tong nien wang shi),114,Mellicent Ridgeway,1994-01-05,1998-04-26
dba21bd2-6759-45f2-81b4-1944072f3557,Mary,118,Martie Hindmoor,1993-06-26,1999-01-11
dca994ae-f2f2-4268-8680-26366b58cf9e,Children of Noisy Village (a.k.a Children of Bullerby Village) (Alla vi barn i Bullerbyn),70,Janey Zorzin,1993-11-22,1997-11-17
901e7a66-c317-4372-b171-618e2f5ebf5c,Nazis: A Warning from History,117,Arvy Anfrey,1994-10-26,1995-12-08
62f38911-e81c-4720-a614-4a37135e1876,Stranger than Fiction,114,Leicester Rodinger,1993-11-01,1999-02-21
09c65c86-8817-4303-b016-9fa4f259f4d3,Confessions (Kokuhaku),102,Consuela Golds,1994-10-31,1998-10-21
2033f9cc-fa08-406a-a509-6d63c094508f,Melinda and Melinda,80,Gavra McHarry,1993-06-25,1997-06-10
d4865839-2c35-432a-971c-ba30d7d27668,Voices of a Distant Star (Hoshi no koe),100,Mikkel Everix,1993-09-14,1999-02-10
e8d7db76-d310-43f9-8c8f-58b2f887a151,Christmas at Pee Wee's Playhouse (a.k.a. Pee-Wee's Playhouse Christmas Special),85,Justin Pes,1994-05-13,1999-10-12
b0755c1c-4470-4527-b0bd-acb25056cbc7,Chloe,92,Toni Kahan,1994-01-25,1997-10-11
25a9e8eb-2f67-4a34-b11d-f136896990b2,Blood on Satan's Claw (a.k.a. Satan's Skin),70,Wiatt Sneller,1995-05-10,1999-03-03
678734fe-ce7e-4016-9e7f-810532a5dbb0,Marie Antoinette,89,Marcy McNee,1991-04-15,1996-06-17
ae15f14c-5bf9-4e1f-85d4-06a6fc726278,Head Games,96,Tedmund Hartigan,1993-12-21,1995-11-27
d405bb49-2b70-41b0-8abd-915ee82176e7,Monster House,81,Jabez Boult,1990-11-12,1996-07-07
308377b2-f29e-43da-840e-48269a473112,Chinese Odyssey 2002 (Tian xia wu shuang),75,Hermon Tessyman,1994-09-16,1999-01-22
8590fd07-da69-44b8-b36c-47bca8695565,Track 29,85,Hardy Loachhead,1994-02-03,1999-01-06
7d8a7097-b86c-4c33-8b3a-0ac2aafa2f98,Love Sick Love,113,Mallory Weigh,1992-08-03,1996-02-26
569d2e9b-cee7-4f89-8660-2b5fb1642673,Lords of Dogtown,67,Marjory Epine,1993-10-14,1998-09-21
eb608212-e194-45c7-806c-f79d0616d76c,August,81,Hyatt Guiraud,1993-07-06,1998-04-18
599b6fd2-1abb-4dbb-b759-8ba17583a231,13 Frightened Girls! (Candy Web),91,Dolli MacAlroy,1991-01-22,1998-11-11
5b372777-39ef-4e92-b2af-92cbbd281f25,Dare,81,Jewel Goldspink,1993-04-11,1998-12-29
8b280077-1729-4539-b3f3-eef148a1667d,Täynnä Tarmoa,120,Sergio Kirkbright,1994-06-11,1996-06-30
e010329c-0606-42a5-a0d9-7d7b7cd13de3,Wizard of Oz,111,Pavel Breckin,1992-03-31,1997-07-04
a4084da4-524f-4ccb-893b-584b81778095,Song of the Thin Man,65,Beatrice Bellino,1995-09-15,1996-05-26
0d458e19-168d-4d1b-8435-d513a57d5ba0,Strange Cargo,74,Salvador Pindred,1993-08-10,1996-11-20
a762d18c-5e7e-47c3-9e6c-a402d3643125,The Black Devil,87,Alexis Antonietti,1992-09-11,1998-08-23
0676e549-477f-47c1-b935-34edbfa909a9,Church (Chiesa),118,Marcelia Soden,1991-04-30,1999-07-10
9c4e6675-b941-45e1-838c-038d01b22396,Cuckoo (Kukushka),96,Betsey Crannach,1991-07-06,1997-05-02
19b32bba-69ae-4409-950a-07dbcbdc028f,56 Up,113,Fina Rugge,1995-06-29,1999-05-30
f8e8668c-9249-4964-8184-a679b06ff4e0,Captain Blood,67,Gertrude Rosell,1992-07-01,1999-08-24
3c1c07b6-351f-42ab-b7a8-eb806b27d9c6,Personal History. Adventures. Experience & Observation of David Copperfield the Younger (a.k.a. David Copperfield),107,Mella Mussalli,1993-03-24,1999-01-21
6c9327ed-eb79-4169-a6a8-6fdde7c8a2a5,Island (a.k.a. Naked Island) (Hadaka no shima),68,Regan McGahy,1994-08-04,1996-06-17
4dc1528e-06ce-4da4-92b3-eaf72406cdc2,Carless Love,84,Farr Newlan,1994-05-21,1997-01-19
939461d1-2b03-4c3e-a5bd-cda742088f0c,King of Comedy (Hei kek ji wong),96,Jasmina Fine,1993-03-21,1997-05-28
3908c4c5-b731-4a26-941c-ec18d9e092b4,Bulworth,86,Zonda Chason,1993-10-04,1999-03-04
2f994292-fe22-4bdc-b52b-2d452993eeac,Summer by the River (Kuningasjätkä),115,Dannie Chattaway,1993-04-04,1998-07-22
a7461641-5ef2-49f9-9419-35354f440aca,Nightmare Before Christmas,100,Ellis McBain,1993-09-03,1997-07-29
895c2d22-7ccd-4992-a1bf-54b7908cf33b,Mister Roberts,71,Marcel Diegan,1993-04-02,1997-12-24
b1e2aa84-c6da-41f6-b9a1-618b019e1d40,Gurren Lagann: Childhood's End (Gekijô ban Tengen toppa guren ragan: Guren hen),97,Dorena Mordanti,1995-06-02,1996-10-12
241bd8c8-1707-4db3-ad5f-f2c7f0f0c21f,Three Came Home,119,Alisander Teodori,1990-11-17,1999-06-30
b397568a-7b0d-4a71-b572-b0336aaddbea,Spanglish,98,Sayers Children,1995-02-12,1996-06-08
99726bbd-77d5-4207-9dd0-24dfc89f9cde,Batman & Mr. Freeze: Subzero,71,Matilde Emett,1992-09-03,1998-06-26
fec12639-af9c-46b3-a506-adcb5779a097,Poultrygeist: Night of the Chicken Dead,104,Rosabel Proud,1995-05-09,1996-01-28
469eeb53-10bf-461a-91f2-31bb522e2651,Dragon Ball Z: Dead Zone (Doragon bôru Z 1: Ora no Gohan wo kaese),110,Kellsie Imlach,1991-04-05,1997-08-11
0f6446b8-8197-40a0-a2a9-a4aeffa862e1,It's a Free World...,101,Vite Latimer,1991-08-30,1997-05-12
4b03b5c1-f91b-476e-8e40-23730a7cd6ed,Hot Coffee,71,Thaxter Gundrey,1994-03-22,1998-08-17
32b187fb-ded0-44a0-ace5-0e44b9dec7ff,Harder They Come,67,Ruth Trayford,1992-07-09,1997-06-13
c1930163-32cd-44b7-87ad-296a0fc3e185,U2: Rattle and Hum,99,Bentlee Morling,1994-05-28,1996-07-24
84221a50-c607-46e4-8008-cc96c801016f,Futurama: The Beast with a Billion Backs,93,Frieda Dradey,1990-11-11,1996-06-08
57087e75-6d19-43dc-91dc-1ce73c878187,Head Office,100,Lester Dredge,1992-07-03,1999-11-05
8a18c1d9-0d5d-4f12-be6e-fc41be21479b,Sonic Outlaws,106,Carolus Danihel,1992-07-19,1999-05-29
8dcd0c57-1c0a-46c9-a66a-4082d0ab2b86,Pompatus of Love,116,Shari Layman,1991-08-10,1996-10-30
f0663efd-5b77-432f-a1d2-a2f5d2d0274d,Harry and the Hendersons,86,Walton Ackenson,1991-10-02,1998-12-01
0acc9cad-0ead-4a1b-ab5a-ac4a871ff2ad,Liar (Valehtelija),88,Clim Sands-Allan,1991-02-09,1995-12-08
aae1da8d-752a-4fb5-984f-75c3ecf5677a,Silent Scream,88,Doralyn MacGregor,1994-06-17,1996-07-05
84e1c780-64e2-42e9-81d9-8fe3827a260a,Eila Rampe and Likka,70,Trista Scarse,1994-04-08,1996-02-16
9ed56d76-f01b-4ee6-bbf8-d0960927acf4,Doll's House,84,Zechariah Greenwood,1993-02-14,1999-05-31
c936a5d8-e783-45f5-82d9-123edfc66ea3,The Man in the Orange Jacket,84,Niel Mohammad,1991-03-08,1998-04-06
78c4515e-cc8f-4e80-b4d1-f79d0489553b,4 Little Girls,106,Jefferey Duckering,1995-09-13,1998-12-27
8af9545b-81ce-490f-97aa-610d012b919b,Villa Amalia,105,Elroy Valintine,1992-10-09,1999-05-30
331bdcf4-0fa7-474b-b024-08144c10bf6a,Lovers on the Bridge (Amants du Pont-Neuf),81,Gleda Scrase,1995-06-16,1996-02-15
54a892ac-df29-47f1-b170-1c12e24640e0,Battle: Los Angeles,77,Cordi Putman,1994-03-24,1996-03-01
e556957d-24bf-4205-9728-65086641aae5,May 6th (06/05),109,Gardner Wilkenson,1993-02-11,1996-04-22
c4f05315-863d-410b-88d3-8df2c8d89e5e,Ironclad,69,Natalee Daouze,1994-03-31,1996-04-22
98074b21-f32b-4cbf-8c32-850c57c12dbd,Arthur Newman,77,Duncan Dolphin,1995-08-18,1997-08-13
483881cb-02d5-463f-8b87-4cab9a385987,Three Stars,103,Channa Wickersham,1993-02-09,1996-01-26
29ccabf8-0a22-4ea9-a37a-78a40861e826,Tenderness (Hellyys),71,Jehanna Humbell,1992-11-07,1999-05-20
2d0dd2c7-e4eb-49b4-964c-5d5aedc04c0a,Prophecy,94,Mickie Fawks,1994-10-30,1998-12-03
a68c42dd-4ff3-450a-8d0b-dbcfd8128a97,Saturn 3,108,Matt Greeson,1992-02-22,1997-12-11
3a009402-2e36-4cda-84a3-88a91d2bd692,Shadow of a Doubt,113,Angele Blaasch,1993-12-30,1996-10-01
7a8dbca8-45a2-4fd4-9b3d-49aea6994f09,Dead Weekend,93,Ramsey Tafani,1991-05-12,1998-02-13
fe6d29fe-a719-4070-a217-be1c54d04ea8,Chapman Report,85,Nelia Garthshore,1993-11-15,1996-09-20
54b675ad-08b0-414c-9868-5d92dc5158d4,Gunfight at the O.K. Corral,70,Carolin Erbe,1995-01-30,1997-06-21
f46af11c-d65d-4cf7-b4f1-ce5f3c5d0290,Pit and the Pendulum,71,Nissa Dunsmore,1991-02-09,1996-05-11
79d635ad-911d-4a83-99ad-2128405aec87,Lamp in the Dark; The Untold History of the Bible,78,Fayina Laurenzi,1992-12-12,1996-08-17
eb6c4e29-a9a4-4b6e-ac43-93dd0a242072,Bring It On,108,Ibbie Middle,1992-03-09,1996-08-06
7e2132db-2c04-43bb-8c33-aef7f2878ade,Spiders Part 1: The Golden Lake (Die Spinnen 1. Teil: Der Goldene See),87,Hermione Limrick,1992-12-31,1999-09-13
42b26efb-4a18-4cef-80df-9ad4c3eff353,Bogowie,117,Corly Oakley,1993-03-01,1999-09-19
870aa897-657b-41c8-9e14-1b2f6361b150,Reluctant Debutante,107,Rabbi Proswell,1995-02-23,1996-04-08
fd9b2b43-1ba3-435f-a92e-70d57cad8c9d,V for Vendetta,78,Nathalia Vidloc,1992-01-04,1996-08-05
6447c729-00c2-4ebe-b384-1e958f514dd5,PT 109,87,Yoshiko Kubista,1995-08-14,1997-10-12
479cf630-0f06-422b-8e01-da2fa496be5e,Gift,99,Irita Collomosse,1993-05-15,1999-02-22
4a03a909-b24b-40d4-a66f-3697f1a5f31c,Neon Bible,102,Ferrel Howsan,1991-09-14,1998-12-14
bed07145-508f-428b-8e2b-6452f6a07813,Dinner with Friends,113,Alexandro Dows,1993-07-11,1999-07-09
f57840fe-66c3-4c96-a838-b606513c6a2c,Heirloom (Zhai Ban),109,Monica Amori,1994-09-01,1995-12-24
ca1b57a2-6697-46e2-abe6-431c97ba13fb,Dead or Alive: Final,77,Bridie Harriot,1995-02-28,1998-12-17
caa4ebdb-b2a2-4ec5-9ee4-d2f8810ea650,The House of Intrigue,101,Horace Praundlin,1994-07-24,1996-03-21
73d6211b-8ef5-4158-97aa-48f805a707d0,Secret (Un secret),89,Layton Frapwell,1991-05-16,1996-01-30
59564dfe-6de2-4b7f-8ad7-4a21eac0906f,Kung Fu Hustle (Gong fu),72,Red Capoun,1990-12-04,1997-11-01
47933a4b-8c53-4795-9eff-d05bc81a31d4,Werckmeister Harmonies (Werckmeister harmóniák),77,Kipper McCarrison,1992-03-26,1997-11-06
805f64dd-5996-4deb-8a2b-3521f447b7de,Harley Davidson and the Marlboro Man,92,Hinze Tisor,1995-08-05,1997-12-24
5fed0da8-6acc-4514-bfd1-b2cd115990c0,The Man Who Played God,89,Lance Pierse,1992-05-11,1999-10-30
77f45996-3ecb-4cfe-8b3c-e8e055ef8dca,The Brain,117,Jessamyn Mottini,1994-07-18,1999-10-10
82862f3f-b16e-4466-be5c-edd1c1dd9278,Hi Tessa (Czesc Tereska),71,Guy Leonard,1993-04-12,1998-03-11
cffca14b-3053-41ff-96f6-fedd121cb7fa,Lord Love a Duck,99,Murvyn Wiltshier,1993-01-24,1997-06-08
987852cc-9566-4ee1-a35d-35ba2dbff65f,Lies and Illusions,71,Theodosia McIlharga,1991-01-30,1998-07-30
54163a5e-a74e-4bdc-9bf1-fff336a80967,Pest,85,Raviv McEnteggart,1992-08-24,1998-12-13
054e82e3-33c0-4168-9b4c-280daeac4dcc,Remember My Name,86,Brand Wight,1991-07-26,1995-11-08
794279d4-f498-4c35-908d-326afb461a0c,Funhouse,85,Zonnya Bertot,1993-08-26,1999-04-09
b5d93c9b-952b-43a2-a11c-f2326293f6cc,Five Senses,110,Georgia Kienzle,1994-09-20,1996-12-20
14b9a852-f687-4d3c-ae84-afcc14e981b3,FDR: American Badass!,115,Jedediah Stairs,1992-06-22,1997-02-01
0ca8ebf0-d028-461f-8416-b7c8e66c106e,High Noon,90,Etan Manjin,1992-05-30,1998-05-09
64c3f863-5c85-405c-90cf-15fcac23a3e7,Escape from Fort Bravo,100,Archy Hallgate,1993-03-15,1997-06-24
9b8a84bb-719d-4465-a756-23e757f8dd1f,Thief of Paris (Le voleur),69,Bridie Prescote,1995-05-10,1996-01-03
bd5099b8-44cb-49ae-b27c-a49f15e16424,Lolita,107,Mallorie Lothlorien,1991-12-04,1996-03-24
59137ef0-a86c-4adb-80b8-f544185b98f0,St. Ives,80,Xenos Fuentes,1992-11-03,1999-03-20
1ae37d03-761d-4b18-9b18-1f2b59c1eb45,Cargo,122,Mariele Challice,1991-10-18,1996-11-27
1fa77003-dbb4-4037-881f-d5d15e5f77ee,Good Student (Mr. Gibb),90,Isac Bapty,1992-04-20,1998-02-09
42eafda0-e2b6-4d72-b181-f77367f31213,Horse Whisperer,84,Franz Chittock,1992-11-25,1998-07-18
b5de0734-75e2-47e6-aad5-0957bd267ffb,Next Step,121,Janella Gambles,1991-05-23,1998-07-03
98eb3e9a-72d1-427a-a375-dfa48e926b3e,Loins of Punjab Presents,81,Erma Boldison,1995-11-04,1996-12-01
ca6722ce-ad07-4523-845b-bfc5eaf2b8a6,Papa,76,Livy Wakley,1994-01-29,1998-12-31
fb85c267-399a-4461-91fb-95f790e90c82,The Bone Snatcher,76,Grange Billingham,1991-04-09,1999-01-09
e2ba5223-1684-4f49-8ec1-9da0cc1bed6d,Kapò,82,Ev McKerley,1991-02-01,1996-02-01
118fa01b-5067-4a99-b84c-64c25f1c01f4,Fools Rush In,78,Tanner Sotworth,1992-11-02,1996-12-28
55b9ad7e-ab26-45e3-96ef-71c7f72dae2d,Werner Herzog Eats His Shoe,104,Dominick Yanyshev,1995-09-27,1998-07-05
31279dc6-fa53-4593-ae69-9456dd132b34,Eva (a.k.a. Eve),85,Anne Domingues,1993-02-19,1999-05-13
9860cf78-e1ed-4efb-8a36-8ea9b24ba712,Stage Door,87,Lois Brothers,1994-08-09,1996-11-14
7429381c-3ee8-4625-a04c-733011415e13,Garage Sale Mystery,108,Laurens Yeatman,1994-02-24,1996-01-28
563e3fe9-8333-409a-8d69-7b092492dd8a,The Raid: Redemption,93,Brandea MacCaull,1993-07-17,1996-09-12
a4dc6f0e-30ea-4bef-b56d-10bc219d0bb7,Tai Chi Hero,110,Alexandro Armsby,1994-09-13,1999-06-05
afb01d4d-8ffe-4f52-a2b9-a3fbc19a673d,Tai-Pan,92,Rhona Audas,1991-05-06,1999-08-18
9eca2ed1-24e3-42ee-91f6-c72378d85539,Odgrobadogroba,90,Tommie Leimster,1990-09-27,1998-04-26
6aad0aae-40c5-4857-b9b7-e008b8ea21d9,Den tatuerade änkan (Tattooed Widow) ,110,Ingeberg Masseo,1993-09-14,1996-03-08
7c090e29-00ee-4f9d-80bb-cd6b8b220069,Zero de conduite (Zero for Conduct) (Zéro de conduite: Jeunes diables au collège),98,Stanfield Iron,1994-08-09,1996-10-17
d7fe5350-cee2-4616-99d5-b39051b6fc0d,Black Swan,74,Jecho Cramond,1991-01-20,1998-07-04
508a80bd-7c5f-4eec-8444-f7e299f1c657,My Father and My Son (Babam ve oglum),77,Beth Dowzell,1993-03-02,1998-10-11
f83e5713-5660-41f1-b551-d65cc6a24366,Blackout (Murder by Proxy),119,Ki Piotrkowski,1992-09-20,1998-09-29
08cd9b8b-8968-425f-81ae-80409a8734eb,Miracle Woman,85,Orlan Monni,1995-07-15,1998-04-17
71df4260-5ee0-4034-a34a-228b5607a848,Unconquered,81,Alphard Clegg,1990-12-07,1996-05-03
d9f35a39-220f-4568-affd-f19fcfd54c60,Land of the Blind,84,Karon Yellop,1992-08-01,1998-06-04
40a717f4-c9d6-4425-8425-9f6f04694d06,Factory,117,Julieta De Witt,1993-07-07,1997-04-14
2057ac32-55b3-41f9-828c-77cd4c4ae1b0,Bad Education (La mala educación),118,Claus Niesing,1992-03-17,1995-12-17
a48395ce-d73a-421d-8fb4-427065e42790,Mysterians (Chikyu Boeigun),66,Terrell Southwood,1995-04-04,1999-03-17
22c050b5-b17f-4cf8-88b8-d8b11e59b19e,Sanctum,88,Rik Oxby,1993-03-10,1999-03-19
0515cbe6-8cfe-44a0-bd91-a42c59cc5901,How to Eat Fried Worms,120,Lianna MacParland,1991-11-05,1998-07-24
310b0905-b35f-49ae-ad4b-95535c872e6f,In a World...,78,Roley Jellard,1992-03-13,1996-01-20
addcc217-b32a-42a7-a532-c8cfc3d3728e,Sticky Fingers of Time,122,Mac Greenaway,1992-07-27,1995-11-08
482b4da7-c4f8-4381-8fec-f35fcbdbbc3b,Across the Universe,68,Olivie Kingsnod,1995-10-23,1996-10-18
2234c4b3-7035-42aa-aedc-7a2c2a7e522b,Strike (Stachka),114,Caddric Tottie,1992-09-14,1998-08-17
f1fdbfd0-155e-4eb0-90af-a7fee8d510e6,Hardcover,75,Camila Folcarelli,1990-09-03,1996-07-17
a39b6895-2931-4a35-b539-7d6c4334c014,Herman's House,85,Win Shinfield,1995-08-12,1999-09-26
fe8d62aa-bbd6-44e3-a864-86197a834d34,Enforcer (Gei ba ba de xin),95,Bert Yude,1992-01-29,1996-12-16
a65d92fa-814d-4947-a926-34ead786e92e,Att stjäla en tjuv,110,Enrichetta Leet,1993-03-29,1996-12-02
445a70d1-c62f-477d-a70f-0fd00050337d,Three Smart Girls,73,Valeda Haylands,1990-10-18,1999-01-28
7431113b-2671-4c39-ac4b-278671713555,10 Items or Less,74,Kevan Boness,1994-06-01,1998-04-27
4bc06e24-2126-4860-a485-d928cdb93774,Joan of Paris,121,Zeke Springall,1992-12-21,1996-11-15
81a92027-1d53-4d80-8ae4-85dba0921ec3,Destination Tokyo,84,Elisabeth Terrazzo,1993-07-27,1996-02-11
4cb09530-f454-4466-97bf-79633c3e7db5,Book of Eli,71,Jarad Mattevi,1995-02-12,1998-08-25
86390a82-1fd8-4afa-8b68-c84efabf4d12,Richard III,112,Tilda Folbigg,1995-10-21,1996-09-04
0cc0220b-cc61-4072-9c93-306e8f7666cc,Let No Man Write My Epitaph,68,Othella McGilben,1993-09-03,1997-08-23
b5ad157c-95b6-4be0-8e86-40d0cf7a4f4b,Show of Force,106,Nerte Firk,1992-03-28,1997-11-04
571e8565-72d8-464d-b8cf-5a9218056ff2,4 Months 3 Weeks and 2 Days (4 luni 3 saptamâni si 2 zile),65,Ulberto Hatherell,1994-06-30,1999-09-08
08caa0fd-748c-4be6-b48e-185e989ab2a9,Sapphire,120,Derwin Clemenza,1992-08-15,1999-02-20
9dcba66d-1398-47a8-b227-602a53e42248,Past (Le passé),76,Gusty Dyhouse,1993-09-12,1996-01-29
03f82aa3-8053-4e6b-9578-830c46735171,Santo vs. las lobas,93,Mae Palister,1995-08-09,1998-06-23
f00e25ac-36ed-497e-98eb-13faa1f79730,Heading South (Vers le sud),112,Jabez Strothers,1995-05-26,1995-11-19
f29f9f18-60d8-4a4c-bdbe-f4d399b94b53,Drained (O cheiro do Ralo),92,Kelcy Ruby,1992-05-07,1998-12-28
8aab99ad-2e01-486c-87a7-fe9d29e89e0e,Midnight Lace,69,Morry Vedekhov,1991-01-04,1998-08-02
ac1c6303-8754-4bce-9c3d-4f431a24dfbb,Kingdom,79,Amie Suett,1992-05-08,1996-10-02
9d4a7924-8e06-4228-936a-56c723c8e2ef,Greatest Movie Ever Sold (POM Wonderful Presents: The Greatest Movie Ever Sold),109,Peadar Teesdale,1994-12-29,1997-01-15
68780eb2-2bac-4089-be14-5f1117cb2638,Reluctant Astronaut,85,Meridith Pigott,1993-04-15,1996-11-20
c1e86b45-1c20-4ab4-974f-31a6dd3a73d2,Brain Donors,121,Mehetabel Zaniolini,1990-10-23,1996-10-12
5f362cd9-11e7-431e-8af7-a5c7c1b2d4bd,Faust,101,Marmaduke Wood,1994-03-31,1995-12-15
80fefc7a-6b58-4485-ab89-93aca3ec23d6,Popatopolis,118,Alena Burde,1992-08-25,1999-07-18
18963ea7-54e2-4244-8830-b244f591b332,Like Sunday Like Rain,80,Burke Greenier,1991-10-23,1997-10-05
ed65b5bd-f3f9-4f8e-8d52-eca0fdd6bc05,Spread,65,Guthrie Mulran,1994-08-24,1999-06-09
7377aaa2-66cc-4f46-9385-2c8fe472fe6e,Comic Book Confidential,90,Cobb Banstead,1991-05-19,1995-12-01
5d856b48-d62d-4e82-b56b-6e4a7b960855,The Great Scout & Cathouse Thursday,102,Jamima Lieber,1994-08-02,1998-07-14
54f26f40-4546-4cb0-b28f-efeb52cd7a7b,Water for Elephants,112,Giulia Valance,1993-12-02,1997-01-20
205cfd08-fa08-4d4c-841d-3491c2f94f3a,Port of Call (Hamnstad),103,Gael Worsom,1991-06-26,1996-10-16
f46b7f84-31e6-4ba2-a512-a1865f064f76,Talaash,83,Dody Rabbitt,1993-01-18,1998-12-02
20aae393-969b-4cca-900e-1e825a6dc035,Austenland,104,Artemis Martinot,1992-02-22,1997-05-11
d3f8fe09-3e21-4340-8624-3a94d6f015da,See No Evil Hear No Evil,80,Meggie Linzey,1995-01-16,1996-08-18
0e66e6da-f851-4acb-b140-43314de388c7,Cheerleader Camp,91,Jsandye Hucker,1994-04-13,1999-05-04
0d201e1c-805e-4010-9a4f-ddf1915bd94c,Root of All Evil?,84,Malina Hayden,1994-04-06,1996-04-07
6d012be6-93da-43d3-a216-e87fbf1c0cf2,Replacements,90,Lloyd Helversen,1991-05-28,1996-10-09
dc8f42bd-511b-4db7-a164-a8082252c378,Chill Out! (Descongélate!),75,Ansley Botfield,1991-08-10,1997-07-08
139e78a2-4a8f-43ae-865a-7a71fc5be51b,Marius,80,Tilda Minshull,1991-08-14,1999-05-31
3a324b30-431a-4d26-aae1-84ea71f84754,Saragossa Manuscript (Rekopis znaleziony w Saragossie),68,Melli Peachey,1991-04-17,1996-08-14
1eace317-476c-4897-bbfc-6f287918775c,Runaways,89,Ewell Rosso,1992-01-24,1997-08-06
1ac248de-5eb0-4789-88db-33467a91198a,Hell (L'enfer),110,Valentine Shadwick,1992-08-04,1998-12-25
baaad5db-838e-4953-9256-cb9ece9f67cb,Watchmen,113,Westley Meecher,1990-11-10,1997-11-14
168c0f01-46e7-41c6-ba12-3423e9a1bcb2,Alfie,96,Devonne McAllester,1991-01-23,1996-12-23
7953d7b0-554e-43a6-84b9-157ce0f9583a,Flood,122,Hester Cushe,1993-02-14,1998-12-21
f01f0f35-f6d0-49a5-9b21-92b614afbca5,The Front,107,Meryl Drinkel,1991-11-17,1997-07-05
1f21e577-6e9b-4c69-aa23-632099d8d264,F/X,102,Jemima Lansdowne,1994-09-25,1997-09-25
c14c150b-c44f-4dcf-8b95-c357862f94a0,La Putain du roi,80,Opalina Toquet,1993-09-14,1996-01-19
9ff5e330-b57f-4337-a1bc-ba91d266b2eb,Addiction,116,Dodie Morey,1993-11-04,1997-09-06
f83a0b43-e077-43b4-a157-ee4c2dec1623,Brothers of the Head,94,Inglebert Matthewson,1994-06-02,1997-06-06
d8ca48da-98d5-4d26-b0fb-408b10e3b708,'71,94,Donny Galler,1991-10-19,1998-05-05
aecd2c04-0297-4783-8f67-a4d256c17700,Fallen Angels (Duo luo tian shi),75,Stephie Coper,1994-09-05,1997-03-29
9659cb79-a726-4773-8ea7-9ccc4ebd0b50,Ugetsu (Ugetsu monogatari),102,Zeb Calender,1992-08-25,1997-01-16
e3c5e74a-9cd8-4802-8e1a-23bd03cbd8c8,Devil Doll,100,Carlene Keyes,1992-10-31,1999-09-05
34eba575-776e-496a-8d60-424c963f3d9e,Cobra,76,Tom De Blasiis,1994-03-02,1998-06-13
6e288f04-ec2f-4112-8f0d-a532c9b35809,J.C. Chávez (a.k.a. Chavez),78,Catha Dietzler,1994-04-05,1996-11-10
7ea65206-10ec-4313-9d64-39e3a393f29b,Page One: Inside the New York Times,123,Brennen Reyburn,1991-04-08,1997-11-06
56fc535d-1f55-43ed-8cf7-86c442addd50,Acacia,71,Perren Primak,1994-01-21,1997-11-26
97606677-20b7-4961-8e76-6a7738090924,Windows,105,Omero Goodfellow,1990-11-24,1998-03-19
e56f4aab-aa03-4157-abee-5a1e5366c2ab,I am Von Höfler (Variation on Werther - Private Hungary 15),68,Agustin Lacasa,1994-05-24,1996-09-18
54c3dc6a-c51b-487d-8796-20c824ed2885,Seeking Asian Female,66,Desiree Henricsson,1994-09-11,1996-05-02
e2eed498-8369-4b26-9c00-72c7e6db519c,Streetcar Named Desire,91,Gussie Baggs,1995-04-20,1996-04-07
42a129ac-4abf-49f9-93c7-e6eabf32fa58,Balkan Spy (Balkanski spijun),71,Tiphani Ren,1995-03-19,1998-04-03
b61afc8a-d7b7-446f-838f-fe5a52ae1e48,Human Experience,114,Douglas Angrave,1995-06-25,1999-08-24
2f2f43b8-117a-41b1-83b2-3d78ae92d487,Diary of a Wimpy Kid,93,Tallie Royans,1993-05-22,1998-08-31
c021745f-368b-457a-9687-917e8baed2ed,Crimes Against Humanity,67,Lonni Orwell,1993-12-08,1996-12-21
d512295d-85bb-4234-aeff-3d2cd6da5dc2,Discreet Charm of the Bourgeoisie (Charme discret de la bourgeoisie),109,Lavina Paula,1993-04-14,1999-07-15
55f907d2-0b41-4d84-9801-d16b67669880,Mujhse Shaadi Karogi,113,Terri Rasmus,1992-10-11,1999-01-18
84fbc279-8626-449b-b6ba-bfa4d2a7fef1,Derrida,71,Christie Tolerton,1993-11-22,1998-06-10
7fdce6da-e690-44ee-8834-7d51bf88d206,Side Street,86,Jeannie Whitchurch,1995-08-06,1996-04-27
33d57647-c576-4b41-8869-d45c0db02074,Bloodlust: Subspecies III,78,Philippine Ogelbe,1992-04-16,1999-06-22
7e041363-21bd-4d39-ab31-e31048feb40b,That Forsyte Woman,123,Roxanne Mayfield,1993-08-08,1996-05-11
1a740eef-6834-4407-b751-d74289c7e095,Hearts Divided,123,Clarence Laffoley-Lane,1993-07-03,1996-07-15
5237138b-ab9f-48c6-9c7d-a17eafccad28,Kickboxer,103,Zena Hamner,1994-08-03,1997-06-27
2719ab21-b18a-430e-afab-183fc7233b48,Man of the Year (O Homem do Ano),116,Amandy Wolford,1992-04-24,1996-09-16
cb8e7d76-9ba1-44cc-ae16-7e811fd831a6,Yes Or No,79,Krissie Queree,1993-01-24,1999-05-21
30dd641e-310c-400b-9549-07696f1770cc,Putney Swope,107,Maegan Gumery,1991-04-28,1998-10-10
f51b01db-eb24-4c05-bdbe-db068aff6435,Berkeley in the '60s,103,Waly Eliyahu,1995-10-28,1998-10-10
a333164b-bcf6-4aaf-bfdd-fd43662a4380,Zebra Lounge,116,Jo Attiwill,1994-11-30,1995-12-12
52da4682-acbf-4260-9049-d773966318eb,Stars Fell on Henrietta,119,Candy Leadbitter,1991-01-14,1997-04-11
03cf158d-e392-4d72-80cc-0f14c060f327,X Games 3D: The Movie,91,Kelsey Klimshuk,1993-05-10,1998-02-19
75913455-4f3f-45dd-9282-ecb17e07832e,Distant Thunder,102,Joel Francom,1994-06-23,1997-07-02
78e20835-dffa-473e-8433-6fb8901f305b,Lust Caution (Se jie),91,Sheppard Thayre,1991-12-02,1999-03-17
ba0652d8-09ee-4884-85d3-b10df712479e,Ghost in the Shell 2: Innocence (a.k.a. Innocence) (Inosensu),106,Em Orgee,1992-12-17,1998-03-06
d4db2c24-6d81-45c2-8db9-6ac971770806,Twisted,94,Tabbatha Rosenfarb,1995-10-29,1999-09-30
eb178a60-46c9-4476-811f-3c3fc77ccd94,Off the Map,89,Luciana Gobolos,1993-08-18,1996-03-12
36bfe912-6718-4f26-8e67-1623302fd99a,Delivery,67,Cad Spatarul,1994-07-28,1999-04-09
6d3d059e-a6e7-4616-8835-05d5aea4971f,Young Törless (Junge Törless),77,Stevana Clue,1991-02-23,1997-03-29
4007cf8b-9a08-4ead-a2f4-a8124e073516,Logan's War: Bound by Honor,101,Sallie Wallege,1992-02-24,1996-03-24
2d9eec2f-496b-4f74-b9fd-4f2ac6858b46,27 Club,73,Ashton Gleeson,1995-02-23,1998-12-14
2b330d37-5f20-45ac-80a6-7e2da38b4314,Antique (Sayangkoldong yangkwajajeom aentikeu),69,Gustave Brymner,1993-10-15,1999-06-16
d833fb61-ac15-4d85-bd9f-38bf4a0c91ef,Zorba the Greek (Alexis Zorbas),109,Wilhelm Ruckman,1991-06-16,1995-12-26
7b817aca-7246-4997-ad17-f1184f76a5f9,Man from Laramie,98,Ruthy Baser,1991-09-16,1999-06-07
639bb36b-8d7f-4587-9aba-0ddbc6ce3114,Lord of Illusions,122,Neala Pettingill,1994-07-02,1999-02-18
1188de06-3df8-47b9-8051-4c835759185d,Liar Liar,79,Barrie Broggetti,1995-04-05,1995-12-09
b7149fd5-80bd-41d3-9095-daa26ca7755f,Branded to Kill (Koroshi no rakuin),118,Renard Seary,1992-08-13,1996-09-13
e0c36a3f-b1f3-4d0c-81a3-bd012a0942cd,Client,75,Elke Arenson,1995-06-27,1998-04-28
daf65882-748d-4124-9f43-2940e0a00ba7,Teddy Bear (Mis),73,Zach Briton,1995-01-03,1997-08-28
17e7ea79-b013-4da4-8f79-d11cc16ba871,Yellow Handkerchief,78,Adair Ganter,1993-07-05,1996-11-30
6a492d5d-06af-4128-87a9-48a4730237dd,Hell Is Sold Out,92,Birk Blurton,1994-06-05,1997-12-13
efbe90d3-9028-4a01-bdf4-a1b94443feb7,People of the Wind,97,Nikoletta Tomowicz,1993-11-14,1996-04-04
e8dc5753-2629-4589-a0bb-039c4f63e970,Robot Stories,92,Dorey Godin,1993-01-13,1997-07-16
ccca37c6-d90b-4363-86c2-c3eacd88c893,Blades of Glory,97,Chris Uttermare,1993-04-20,1999-08-05
655b441b-43a0-4964-b186-18dd843ea9fd,Tartuffe (Herr Tartüff),73,Erminia Dorkins,1993-08-05,1997-06-07
7fee75a6-99a8-47de-a873-ca21b43e1c50,Courtship of Eddie's Father,67,Ulrikaumeko Gregolotti,1993-11-17,1996-03-10
ded66fe8-26ff-47d7-8152-d476d31a7ce3,Enter the Phoenix (Da lao ai mei li),78,Celestia Shields,1995-05-16,1997-07-30
6e7bb5d4-8e1d-4348-a3ad-aa9f421c9d27,Dead Silence,96,Wadsworth Darlison,1990-12-22,1997-11-06
a5f2a100-b505-44a9-9a4c-e4d0cd31e50b,Italian for Beginners (Italiensk for begyndere),106,Tasha Crown,1991-07-04,1999-08-12
2988ad07-8163-498b-bb4d-f9fd6a2e4cc5,Deceivers,97,Dougie Tomkies,1993-07-15,1996-06-17
7d40cb87-9a36-4b33-95ae-56f952c298ac,Souler Opposite,86,Ira Georges,1992-06-14,1997-04-08
5f223e63-5fe1-4541-8982-3b836fbf7941,Holy Land,88,Chris Davidovits,1991-02-08,1997-02-10
a68f2a47-f531-47f4-a3ab-d51dd9a6e4ac,Splatter University,104,Molli Dmtrovic,1991-01-06,1999-10-08
f3a15cce-80c2-42a3-84c8-ee227e034096,I Love You Beth Cooper,74,Rhody Ogborn,1995-07-24,1997-05-24
908129b8-1a2e-4975-a00d-85ba38ba8f3e,Collector,72,Durward Westgarth,1993-08-02,1997-12-25
476024d8-160b-4c8f-a572-c65b05c0627c,Shark Attack,88,Charita Ellyatt,1993-05-09,1996-05-26
9918b266-acd4-4279-b483-e9713f6aee2b,Johnny in the Clouds,65,Garvey Daybell,1991-04-19,1999-05-01
cb8fc61e-e131-4af4-ab7b-45faadcc67b8,Hitler's Children,84,Jaymee Beric,1995-08-19,1999-09-28
e4a1612d-77cd-49fd-9d45-6c48cb0102e2,Do Not Disturb,101,Sydney Crangle,1991-06-26,1997-03-18
461d391c-11fd-4c86-8033-7667a0945b95,Baby On Board,67,Winnifred Clementucci,1992-02-24,1996-07-02
b330fd25-6ae5-4a7f-b082-6e71f13eade2,Girl,84,Lee Mussett,1995-08-18,1999-02-25
34ba8c70-c348-40e7-9bfb-fda15f18deca,Beyond Re-Animator,67,Neila Barrim,1993-01-13,1998-05-16
1cc80c9f-cc9a-49eb-b281-31d81cbd841f,Ollie Hopnoodle's Haven of Bliss,65,Donnie Mival,1993-10-30,1997-03-16
92496747-cb4c-45e1-a975-d23356171951,Jubilation Street,113,Guilbert Jacklin,1994-09-16,1996-10-26
852b4333-618f-40b1-b47f-e79147b225f3,Max Payne,122,Silvanus Hartfleet,1995-02-15,1996-04-30
063a646b-af6b-4179-85ce-eedf4fc7c2aa,House on Carroll Street,65,Rich Smidmoor,1994-01-07,1998-09-01
6cbbe1c8-737c-4d5d-9532-8de6b13714c3,Dylan Dog: Dead of Night,108,Eustace Yakebowitch,1991-05-22,1999-06-15
c93deb79-f892-4a25-9ced-cb3088a74902,That Guy... Who Was in That Thing,66,Cristal Leebetter,1990-12-07,1998-08-02
97de6237-ede0-4156-b308-0475b6eb9a3c,Diary of a Mad Housewife,66,Trisha Guinn,1991-04-26,1998-11-18
46590239-13fc-42ae-af96-0d180b1b93de,Joshua,96,Harlen Zuker,1993-02-24,1996-10-19
bda23fda-2acd-44d8-a63c-506b4ee958e6,Winterhawk,91,Goldarina MacDougal,1991-10-05,1997-04-19
cb17b9fd-c964-4a74-8cf0-34d3f5334b74,Rosvo Roope,92,Ginevra Vasyaev,1995-03-12,1998-05-23
88ac37b6-151b-47f8-bcd9-88d275d7edc8,Satyricon,118,Jacquette Bagworth,1995-07-02,1999-09-01
d23b1fde-618b-4d39-b504-963dc9cab03c,Mirror (Ayneh),97,Eachelle Totman,1990-09-10,1999-03-17
0c3aa920-9f2d-4b14-a2cd-164a13830507,Thrill of Brazil,88,Doralynn Treher,1995-07-22,1999-03-01
e8659210-01cb-4bd2-8b97-8b1ebbd671ce,Like Crazy,87,Agna Loutheane,1991-07-27,1996-05-30
07572f7d-92d0-4c50-9eb2-68df2d37422d,How to Seduce Difficult Women,76,Vivian Sillars,1995-04-19,1997-09-24
3a446a1e-fb58-473f-b835-58f7163a5ad9,Lucky Number Slevin,123,Rubi Milroy,1995-07-06,1996-07-12
d26f7559-1455-41c1-a779-dbf0c4fcc9af,Lisztomania,115,Kynthia Gigg,1995-07-23,1998-01-06
0c3b93e0-7af0-4312-8ba9-6bcda0be02be,Insidious: Chapter 2,70,Agatha Lemery,1993-11-17,1997-08-16
fd1dc6ac-c825-4e94-8026-cd2b0754bcd9,One Day in September,96,Piggy McMaster,1992-11-24,1997-12-24
6c4c809d-bca9-4a11-9b4a-d277603e8619,Sex Lives of the Potato Men,75,Sophie Rosentholer,1993-09-25,1996-02-06
a1a152fe-70b7-4f2a-8aed-f6aba41703e8,Bloodbrothers,83,Fernandina O'Halleghane,1993-01-24,1998-05-19
4019e9da-32fb-4bb6-b87f-9b49fc53d373,Going Berserk,70,Orion Sweedland,1991-03-04,1998-10-15
cda05e9b-1f47-44a6-b2d0-fd97286fdf0e,Black Rainbow,65,Adlai Broughton,1991-04-29,1998-01-13
3e6b8229-5511-4ba1-ae7a-1bfa16189f1c,Topsy-Turvy,105,Latisha Galbraeth,1992-02-18,1999-08-19
58d0c5b2-c347-44a4-b196-ab0ad99309f8,East,112,Cristy Witnall,1993-06-19,1996-07-17
95b0394f-c72f-4857-9380-e5d9fcdd207d,Manhunt,70,Christye Clipsham,1992-04-25,1997-01-25
86cc550a-4c91-40b6-b7a5-720d134b5afe,Home for Christmas (Hjem til jul),73,Coralie Howford,1991-01-10,1998-05-02
239e532f-cd8d-43ff-a189-d1b520a37b7e,Greenberg,89,Stefano Lethcoe,1993-07-11,1996-10-08
06e555dc-92b6-4ced-86fe-b5b9f326f34e,Telling You,111,Law Kleinerman,1992-05-16,1999-07-21
ee1969f8-f749-4bb8-a7a2-bdd2fd3ff383,Friends at the Margherita Cafe (Gli amici del bar Margherita),81,Teddi Gosling,1990-11-24,1999-08-29
c02dd7c5-61ed-476a-bbba-31670583f798,Housefull 2,88,Rock Franchi,1992-04-07,1996-08-06
84fb48f4-a9f4-48ff-bf51-c988be14d1bc,Camouflage (Barwy ochronne),82,Chen Bonnette,1993-12-12,1999-06-24
36f32951-8096-427b-a1c4-79d441a681c6,Signal,84,Nicko Maccaig,1993-07-29,1997-03-30
4624386e-4678-4e0d-91b7-6a0d402332ac,Protocols of Zion,100,Mildred Jakubovicz,1993-03-06,1997-11-08
2eed2fa9-e281-42fd-9bbc-3976964d6af6,Five Star Final,68,Franklyn McGannon,1995-01-07,1996-04-01
02911cd0-5d99-4ae8-8486-892b1723d25c,Guinevere,120,Marcos Puckey,1990-10-02,1998-06-11
a77809c1-5f19-4e87-98cb-02a2ff30ef46,Dumb and Dumber To,113,Vonni Channing,1992-11-27,1997-02-24
165177f5-57b1-4eee-868c-456ccc53d927,Sleepers,74,Darb Meardon,1992-08-22,1998-12-16
e3e6627c-aec1-4951-ad9d-62e46065d2dc,Turning,74,See Eddisford,1995-08-15,1998-09-02
13b49535-d9e0-445b-a250-8e5d6b4658cb,War Dance,78,Delaney Avieson,1995-02-11,1997-06-29
4b12eb47-af4c-4437-9e08-90c14d024d51,Sleeping Beauty,79,Austin Zupa,1991-09-29,1998-09-13
78f04e6b-7999-4377-9a38-35cfdf804688,G. I. Blues,91,Noreen Havvock,1994-10-08,1996-02-09
d48f6c23-e794-4336-90f3-d95579cd75a3,Riding in Cars with Boys,122,Kleon Stollenhof,1992-03-12,1996-04-11
beb6642d-5bbe-47c2-886d-16a0d0e787e6,Corvette Summer,96,Jan Barhem,1995-06-17,1996-10-01
fd5fc8b3-f476-4293-af00-aafefe42ef22,Through a Glass Darkly (Såsom i en spegel),68,Roderick Arsnell,1993-10-17,1996-06-30
17233aa7-32f5-4093-ae4a-e9a8d8d714a1,Queen of Versailles,108,Rory Vanstone,1993-09-02,1998-05-09
7a8340e6-6002-4b76-a30c-d029aca8bf37,Chocolat,117,Homerus Giacobbo,1994-04-27,1996-07-31
83a83978-b495-46d7-90e3-836901c8b1fc,Ashik Kerib,113,Kristo McOmish,1993-12-04,1998-06-29
25db8fdb-439c-4b92-bfea-b3031deff2c4,Six Shooter,123,Garv Gadd,1994-04-23,1999-02-25
25c47a33-2052-4655-b783-d3d0174b6c26,The Man Who Shook the Hand of Vicente Fernandez,82,Anne-marie Nightingale,1995-03-13,1999-05-31
1c1ad37c-9bd3-4b45-8fd5-52139a55f15c,Amber Lake ,65,Darby Markus,1994-09-10,1997-08-11
f6f2ea8d-2c08-4d9f-a0f4-6b44984c2a69,Quiet Man,93,Emanuel Brayn,1995-08-11,1997-03-09
ae650ba8-a375-4e85-b8a9-90b2290a5aee,Imitation of Life,104,Althea Binch,1994-01-31,1997-09-06
d57e014b-6847-4a8e-ada0-eda1ae91784a,BloodRayne: The Third Reich,120,Georgetta Boultwood,1992-10-27,1996-05-19
01cb8b58-15c5-49ae-b7f2-45a95a04941c,Just a Gigolo,69,Leila Websdale,1991-09-08,1997-10-24
36b55576-815a-4d01-92dd-79ba1ab71b53,Heimat - A Chronicle of Germany (Heimat - Eine deutsche Chronik),91,Silas Redolfi,1994-05-03,1998-12-16
c5b4cbe6-0199-4dd2-bd3a-ebc4aee56f34,Redline,69,Ange Moohan,1993-07-27,1999-05-16
1991ac59-2578-4f49-88ac-300cc61fedb1,Happily Ever After,92,Wynn Petre,1995-06-13,1996-05-17
801d7ef2-706c-4e80-acbc-5858dfb57ce7,Door in the Floor,122,Ozzy Sherar,1994-07-05,1997-09-21
5329ca63-b652-478f-8981-b17027c71d82,Zatoichi Meets the One-Armed Swordsman (Shin zatô Ichi: Yabure! Tôjin-ken) (Zatôichi 22),115,Daryle Arlt,1995-03-08,1997-01-11
061c66ce-495a-4684-be2c-748bbe5b7fb3,Hallelujah Trail,73,Curtice Guppey,1992-12-05,1996-04-11
b8d4c5bd-a341-4966-9520-51138754ed17,Pine Flat,82,Reyna Whewill,1995-02-08,1998-04-21
04cea7bb-f989-4edf-bef3-dd01c8960c2a,Sleeping Car Murder (Compartiment tueurs),76,Pauline Jacqueme,1991-08-25,1997-05-11
3c1bda39-e83c-4935-ab10-da82745eac65,Monster House,74,Andre Ealden,1993-10-15,1996-10-15
c84f61b3-1f31-495d-ac08-d3b198b6cff3,A Most Violent Year,67,Calv Morgen,1995-06-17,1996-09-19
544d38ab-c219-4bb8-b905-6da645e4f8b1,Competition,111,Ainslie Gligori,1994-02-14,1996-01-02
27ba0411-d905-41c1-8249-eaf8c0e672a6,After Tiller,66,Amble Forestel,1993-11-16,1999-01-06
ad597231-e52a-49e1-a4cb-e4d2349c9b5a,Mother and the Whore (Maman et la putain),112,Tibold Slot,1991-11-01,1997-02-28
37d01829-074f-43f9-9c7e-6909382692fa,Pirate,89,Linc Nunnerley,1995-05-27,1998-02-07
d104a995-e381-44c7-9df7-f477ed0bc5bf,The Devil and the Holy Water,78,Barris Swyne,1995-05-07,1996-01-02
ce4b31d6-4083-4ce3-864e-82dc409da8a9,Bill Burr: I'm Sorry You Feel That Way,71,Leone Collyer,1993-04-17,1996-05-27
e688f87c-1f32-40d1-8028-8322e2a773c4,Happy Feet,105,Jerri Dexter,1993-06-26,1996-06-04
a3b0faf4-8f23-4d19-8c7d-223d5811ffff,Shed No Tears (Känn ingen sorg),94,Cash Georger,1990-12-27,1999-07-12
8f83e870-c2a5-457d-b0c5-584aa21ed0b6,Billu,117,Delmore Padly,1993-09-02,1996-10-25
df348c0a-7883-4631-b1b0-2ba4992e93c7,Secret of Moonacre,106,Alisa Mandal,1992-09-08,1997-08-25
0ebc4387-857a-4146-8da9-9e0aa3e708a6,Decoy,98,Carney Amor,1992-05-29,1998-04-27
27291da9-21c7-480a-83d5-3d97491e1af5,Beau Serge,98,Patin Briton,1992-08-17,1999-01-04
2970d0b1-62ac-48b5-89b9-305e290470a9,Sunny (Sseo-ni),74,Adella Burghill,1990-09-30,1998-10-21
62fbe945-e3d9-40d0-a4de-9c4f621c1cde,Human Race,116,Perle Vouls,1992-04-13,1999-10-03
48db7bbd-f21c-483f-8444-0b6ae4f90294,Truth About Cats & Dogs,107,Mareah MacSkeaghan,1993-07-27,1999-05-16
9ab39183-d99c-4cb6-8201-0a109f4fccf4,Mr. Wonderful,105,Emmalee Jaycock,1995-04-15,1997-10-26
6ec2b3cd-4c8d-40e0-b224-69797d706e4a,Deja Vu,113,Mathias Huelin,1995-04-21,1999-01-06
0ea50e28-ad8f-40d2-9353-c16a450a3465,War Wagon,90,Amabel Dampney,1992-07-15,1997-05-01
cab8d96f-96ee-4784-9c9c-42c75d6234a5,Time Code,114,Sigismond Capper,1995-04-28,1999-02-08
70a069d5-0c16-4a15-90d2-4727032fec12,Allnighter,71,Roscoe Otteridge,1991-03-13,1998-09-16
688ab067-d4cc-40b8-9418-e5767641131f,And Starring Pancho Villa as Himself,77,Amata Booi,1994-04-04,1999-07-21
fd48285f-243e-448d-953a-ff935dd9ca4e,Normal,84,Lewie Elsegood,1992-10-19,1996-12-11
979984df-7f6e-45d8-9134-ee12e5e2fa72,Rabbit Test,112,Silvan Wicher,1993-03-11,1998-07-09
2d61933d-954b-4258-a4db-626123d5afcd,Mile... Mile & a Half,106,Parnell Antony,1991-09-25,1999-03-29
4c67009e-5d44-40af-ad0c-451fcb4fd053,Big Bad Mama,100,Berkeley Roxburch,1994-09-08,1998-07-15
2fd819a4-1f5c-4794-a413-60a1cc25962f,Leopard Man,74,Bartholomeus Coward,1991-06-12,1997-08-08
8354358b-cf67-4070-b956-b6e7e7846f92,Tarzan Finds a Son!,106,Stanford Torns,1993-03-03,1998-01-25
c97ffd19-c30a-4ac3-b4d3-3cd3c2e59aa5,Pauly Shore Is Dead,81,Robbyn Annakin,1992-06-02,1999-04-30
c58ea58d-5aa0-4b86-b8b9-9f3cc803af53,Shake Hands with the Devil,69,Northrop Wedmore,1992-02-19,1998-12-22
b7d1f8ab-e6d8-4c81-a008-c69fbfb5a122,Nancy Goes to Rio,70,Aldous Praundlin,1994-03-28,1996-12-09
3e2b6f44-2ac0-46f6-b533-2309dab2da63,Entre nos (Between Us),104,Tailor Blewett,1991-07-13,1999-06-27
641c8533-a837-40cb-8460-fdf4d6824bb1,Standing Aside Watching,80,Helga Barracks,1994-03-14,1999-04-19
d1ce1c49-1516-47f4-822a-209809199b58,Wonderful Crook (Pas si méchant que ça),115,Claudianus Barday,1993-04-10,1996-03-01
420afff0-5941-4cf4-ae47-3e17863a4d47,Planes,89,Kellyann Huleatt,1992-09-21,1998-05-09
fbc3cf07-e2b9-43f3-a511-66f3ed0de1de,Thunderbirds Are GO,82,Case Simpkins,1994-10-07,1998-10-18
608f8de4-660b-454d-a169-f5ccc89056df,Racing with the Moon,101,Lotte Reeders,1994-10-12,1996-08-28
2a13938f-314c-436b-8c6e-105bda914b9e,Price Above Rubies,73,Essa Tuffs,1995-03-28,1997-01-28
212138d3-dfe2-4d73-b6d7-38d70024a185,Elizabeth I,119,Pandora Toyne,1993-03-07,1999-02-11
37fd63a7-eee3-4f2a-966b-b8b7b6dea860,Boogeyman,79,Mollee Champerlen,1995-08-06,1995-11-09
ac50c139-5c4b-4d46-a65a-7edd828bd0d7,Saving Shiloh,104,Babb Borge,1991-12-03,1997-10-16
1230cf46-f5b7-4506-8b48-d8a68b916a63,And Then There Was You,120,Odie Ginnety,1995-01-09,1996-11-25
7bf53298-c1b2-4808-be2f-35e3bfa7e3a5,Last Days of Disco,76,Pattin Letchford,1992-03-26,1997-08-13
c1f5d776-5855-4164-9611-22fc3ac9c9e2,Elstree Calling,92,Eadie Kelf,1991-02-28,1996-02-24
7c076068-ef63-44c1-8233-45c8b4a30180,Achilles and the Tortoise (Akiresu to kame),70,Iolanthe Vittet,1990-11-18,1996-10-22
d58f4849-bea9-4cf7-8e50-e6cfe5bdc3a5,Phenix City Story,92,Selene Gwinnel,1995-01-14,1997-09-02
515f8319-c8ac-4154-a12e-9e5ba3cba735,House of 9,113,Thomasine Heberden,1995-06-10,1996-12-04
eb7153cd-48dc-4939-948f-db36c4b81afb,Original Gangstas,123,Isaiah Heugel,1993-08-29,1996-03-28
d403f3cd-8813-4c41-add7-cadf19192419,United States of Leland,73,Bel Cleugher,1991-10-27,1998-05-20
3621a83f-29e9-43c2-ba91-e37c52c03327,Long Night,115,Chadd Curnock,1993-12-24,1996-12-22
9f70fedc-a658-4731-a056-cff1f352dc21,Kivski Freski,75,Niles Joubert,1995-04-23,1998-04-27
7d8273a4-3e8f-461d-8fb1-e058caf56e45,Police Academy 2: Their First Assignment,96,Karyl Vaan,1991-07-31,1998-10-31
a3418997-f0cf-4ad7-af44-c49057758161,Christmas Carol,65,Zara Whatman,1994-04-04,1999-07-19
15d78a70-dbb7-46d9-bc6b-33fd06a4fd7b,Good Marriage (Beau mariage),119,Alfie Leband,1994-01-03,1999-04-23
b1864ea0-79c4-4aab-9498-227ae433286c,Under the Skin,77,Gail Febre,1990-09-16,1999-03-06
d11a1d61-9eaf-4a32-b748-fdf39b768f93,Cool Runnings,83,Silvana Gable,1993-09-07,1998-01-26
7878750b-1f8d-4fa0-9e68-65812f25e740,Flamingo Road,113,Lela Flegg,1994-03-30,1996-06-20
7f296c34-9d94-476d-9502-e798d59c23ab,Grosse Pointe Blank,123,Sibilla Nisbith,1991-08-25,1998-07-05
64891869-0723-46c4-b7cb-62ea2ae51ad5,Mutants,104,Culver MacGrath,1994-01-31,1999-10-21
30e8c838-993c-41aa-9cd0-55a967aace96,Bullet,122,Dal Leal,1991-09-26,1996-10-20
91ee7c45-9968-4875-a597-1eabe0083af2,Last House on the Left,73,Bendicty Kerkham,1993-10-14,1996-11-18
89a6646c-4751-49c6-8540-81c342aadad6,Sex & the Other Man,115,Prissie Brisseau,1991-10-02,1996-03-24
8c5528ce-75f4-4cca-b521-4e343b0c2fd8,One Flew Over the Cuckoo's Nest,119,Simone McCurdy,1991-07-26,1997-09-26
d41a9213-7827-4869-92a9-004b88040a51,Freaky Friday,70,Collete Beddon,1990-12-20,1999-08-16
ecf61ed9-f180-4df5-8dbd-09452e23ae23,Dodsworth,67,Upton Fawdrie,1992-07-30,1999-02-18
d2da4dd1-b932-4a96-971e-7cd9139b6b30,Secret Life of Walter Mitty,98,Thomasin O' Meara,1992-11-03,1999-03-25
3c227500-e0e5-4f53-8322-89a621999d62,Big Fix,107,Jocelin Riddeough,1994-12-06,1998-05-23
05551c96-0d7d-469d-b0d2-1bb347fc1d73,Wake Wood ,79,Suzy Tweede,1994-12-18,1996-12-20
5a0c10b4-fcff-4fb3-93d5-01a5f6d93bea,Skellig,123,Salomo Pountain,1991-08-21,1996-05-19
8477c304-61bb-47eb-b343-a441f304c88e,Muppets Take Manhattan,67,Creigh Esom,1990-11-16,1996-07-01
825a6bf4-88da-4490-8a23-1048e3a5e9d5,House on 92nd Street,123,Emili Fandrey,1992-07-24,1997-09-19
bce792f8-1898-46de-b75e-9ad39286030a,Milagro Beanfield War,98,Danya Rand,1995-10-14,1998-11-05
0e73aefb-ad30-47f2-814f-cb42e032f1f6,Beneath the Darkness,86,Betteanne Worster,1993-03-26,1996-08-22
8b158e91-56b2-4a70-93ba-7b463d7a704e,Mangler,78,Pattie Edmonson,1991-05-11,1998-05-25
9a36b836-1aaa-453f-8cb6-072c6485bc41,Umberto D.,122,Rickie Crasford,1992-05-04,1997-11-23
8a3c9c0c-7b9c-4301-ba85-197a54eb3d34,Like Stars on Earth (Taare Zameen Par),122,Jed O'Hdirscoll,1991-02-28,1997-07-26
6224c3ec-115e-4be8-a77c-5e944b073fc5,Castle Freak,123,Isidore Barnardo,1992-09-04,1998-12-21
2e057d57-053c-43bc-b051-63f6c7bc5d99,Michael,82,Wiley Haythorne,1991-08-14,1998-08-13
a1c595dc-2e53-49be-a314-523ab8f63641,Orchestra Wives,102,Blondie Jertz,1992-09-21,1999-05-24
8302f424-dbd3-415e-a829-6feb0ecb20e4,Pornstar: The Legend of Ron Jeremy,71,Barth Schubbert,1993-12-12,1997-09-05
144728ae-47df-4c09-bde2-caf2752e2f81,Broken Vessels,65,Lonnard Sutter,1993-12-31,1999-01-08
2bc8b79b-a2a8-4dac-9d84-f75aadb5e528,Amish Grace,90,Darrelle Belliveau,1992-03-01,1998-08-16
b4c52079-fd81-45b9-8fe1-be08d00f0339,Open Season 2,73,Abigail Fletcher,1993-07-10,1999-09-26
76e7a962-acdc-432b-86b0-0ba87688f73b,Solo ,79,Brad Iacobo,1992-12-25,1998-10-30
6b450878-8660-44d3-9947-961704160ede,Green Butchers (Grønne slagtere),92,Cynthy Thomazet,1995-06-18,1997-07-18
a0e916da-7254-4143-bb60-0276a4f8a248,Sällskapsresan II - Snowroller,105,Sergio Wickwar,1990-10-10,1999-04-19
44e537ab-1d90-4303-af94-604b5a4c101e,Knife in the Water (Nóz w wodzie),93,Corly McGowran,1991-02-02,1998-03-29
0d0468fa-827a-4198-91ad-caf5dc1d72c0,Mayerling,106,Luigi Vandrill,1994-12-10,1999-02-03
5496e29a-5614-483b-b1ed-9af502a89678,In the Loop,67,Debbie Jursch,1994-12-30,1996-07-13
8e60c885-70f3-4f96-8a95-6a20fedd615c,Good Men Good Women (Hao nan hao nu),103,Kevan McPhater,1995-11-01,1999-06-20
fa2649fc-e2d6-4516-90b3-bc44c954ab67,Bridges of Madison County,105,Sigismundo Polo,1993-06-23,1998-06-10
56c29a49-7b9f-4cef-a4bc-69ac9548569e,Divorce of Lady X,83,Jill Golborn,1995-05-19,1996-02-07
422f1fee-4be7-4954-a8c2-5a1f5ce57e7f,El Dorado,122,Jennie Ratcliffe,1993-10-06,1998-10-31
a477db62-ae33-483c-9f2f-accc93147762,42nd Street,109,Ximenes Wivell,1993-06-12,1997-11-02
2b42020a-416c-42ac-b065-a7a839b7f54f,Last Chance: Diary of Comedians (Bokutachi no koukan nikki),108,Alyse Attewill,1993-03-15,1997-03-28
ffffd5ee-5724-4ef8-aaf5-cb96505cab93,Blackthorn,82,Rozalie Stickney,1994-04-02,1999-07-14
08952bc1-e030-4485-835a-d30f4edf7eb6,Man with Bogart's Face,77,Brodie D'Ambrosio,1993-04-23,1997-06-24
6e927b88-356f-4b90-adc7-c69be2822e92,My Favorite Year,78,Martelle McRavey,1994-06-24,1995-11-21
08bcee0a-6818-447c-89fe-c5faa4c35906,Gothika,98,Zedekiah Iskowitz,1995-05-19,1997-11-01
2f2a12cf-e277-425e-8393-f1d38013ad58,Sun Valley Serenade,66,Neala Yare,1992-06-13,1998-11-01
3d3fa8bf-0424-4cbf-928a-95a40af01392,High School,101,Joli Rideout,1995-07-20,1999-07-06
b9ccaa9a-00cc-4e46-a4dc-cfa5ba2d49f9,Muddy River,71,Felicity Ruggen,1992-03-16,1998-06-02
5fd783fa-3e9a-4c75-8d6c-07b7588fed6d,Marlene Dietrich: Shadow and Light,84,Skelly Archanbault,1992-03-06,1998-04-08
b4509c80-ce04-4769-a66e-f4e5bbd9215e,Amira & Sam,92,Nonie Fuller,1993-11-06,1996-02-09
a5ca7066-d0a1-48dd-bf7b-505f8a1d92e1,Cry-Baby,97,Judd Tulloch,1995-02-10,1996-04-07
f933d4f1-a2fb-45d5-bfd2-bfc30aa89feb,Tale of Zatoichi Continues (Zoku Zatôichi monogatari) (Zatôichi 2),105,Serge Westhofer,1991-01-13,1998-07-02
558c0d7b-86dd-4058-81a3-02ae6f1c0fe1,Pathfinder,71,Evie Duckers,1991-06-12,1998-02-02
523d2447-e888-423b-8fda-323ce2cc5cad,Special When Lit,112,Arlyne Crosfeld,1992-10-05,1997-02-03
d974f582-4ded-4feb-b25c-6b8aef85f1f0,Hell's Highway: The True Story of Highway Safety Films,97,Sherilyn Lodewick,1990-11-16,1996-05-01
1355637d-3580-44d5-8c23-687d4868ed33,Mr. Moto's Last Warning,76,Hammad Hugnot,1994-12-08,1997-06-05
0bb3523d-0089-48c3-9409-07efff3bd48a,Pieta,123,Alric Tunder,1990-10-31,1997-12-30
247525dd-b824-408f-b944-34d7a86cdf7c,Camp Hell,97,Angie Slewcock,1993-11-21,1999-04-15
d91197c1-bdcc-4f1c-ad7b-6dd995b9dd89,Last Time I Committed Suicide,84,Constantina Hartus,1992-04-25,1996-10-17
a2fe9ee6-2767-4968-a2fc-5a658175001f,Ragamuffin,118,Tades Sheal,1991-05-04,1999-01-04
fef8f61b-bc5e-48fd-b8d8-848367ef6d5f,Coffee and Cigarettes,104,Ivory Waddington,1991-10-09,1995-12-27
1a0554a7-6e99-4d3a-9915-487aa6a216bc,Christine Jorgensen Story,92,Tani Cote,1995-09-15,1997-12-27
7edf844a-8617-45c4-8767-ffe74635801c,Strongman,67,Fayina Dineen,1995-05-11,1997-04-11
5976e723-99e7-4834-83de-d14be20d6faa,Identity Thief,97,Valdemar Brandsen,1993-09-02,1996-04-28
0eff1724-3d4d-4360-a340-da10cd64404f,The Raid 2: Berandal,105,Meryl Tures,1992-10-30,1996-08-31
b02a4588-0767-4b64-b924-73b66a781b0c,Gothika,69,Verney Ashforth,1994-11-09,1997-10-05
373f895a-f7e5-4561-92ef-377ce581cbdc,Computer Wore Tennis Shoes,92,Hally Tarbard,1990-11-17,1998-05-20
41d39404-d942-47df-b79a-a963ee83d680,Other Side of Heaven,105,Remy Pitchford,1994-11-08,1996-02-23
c7db64d9-483f-4f3f-901f-2852f4549177,Thursday,91,Rustie Ayree,1994-01-08,1996-01-27
5b37776d-b4b2-4422-b29b-85aea217110f,Born American,79,Lise Scotson,1992-04-06,1997-12-19
f1fecf38-abd3-440e-b972-4a65ea725cf1,Ninja Cheerleaders,116,Tye Meins,1992-03-10,1998-12-02
fdc16c7b-c14e-4736-b7e7-16162c29c971,Macario,82,Vinita Moller,1993-02-12,1996-04-23
af30c4e0-be7f-4ae1-a50b-755ada24720c,Go Get Some Rosemary (Daddy Longlegs),76,Rosemaria Tyght,1991-08-31,1998-10-11
3394b44d-69c5-4b4a-b611-b3a0f87bef8b,Sidekicks,101,Bill Gitthouse,1990-10-28,1995-12-16
2a7bec15-5d4b-401f-86d1-8ab0e243729b,P.S. Your Cat is Dead,94,Brit Suffe,1990-09-16,1999-10-15
f56262f3-9c3b-4f42-902b-434655dc25f6,We Need to Talk About Kevin,69,Thurstan Bezley,1993-06-11,1999-10-10
a5c7a617-ceff-46ed-8c53-51f94556f481,Day of the Dead,121,Helaine Finessy,1993-03-26,1999-07-08
1438a9e3-6c6e-48b0-b443-c2ee6a39bb1e,Guilty by Suspicion,74,Harriott Chese,1995-10-23,1996-01-09
ea696ca3-fa24-48d5-8015-0b8b4203d880,Glue,115,Kerk Keech,1992-11-19,1997-03-19
ffbb479c-43b2-4175-9abc-126d34751bce,Hucksters,78,Rickie Kilmurry,1991-03-01,1997-12-16
5b7a24bc-2226-49e2-9529-db4cbe8a46b3,Seconds,84,Suellen Gearing,1994-01-17,1999-07-05
990fdb26-4132-448b-add6-511b2cc22d7b,Cockneys vs Zombies,103,Glynis Massow,1991-11-12,1998-09-12
4fef6123-502d-4dfb-9c23-7871e6b2ce09,Mission to Moscow,79,Dorette Stonier,1992-07-24,1998-08-04
c1ea2a93-0a98-4380-a65c-c315a094aee0,OSS 117 - Lost in Rio (OSS 117: Rio ne répond plus),100,Cullin Froment,1991-06-02,1998-07-11
ad678521-47d5-4506-a435-ed6feedecbd6,Knights of Bloodsteel,65,Lorine Catterson,1993-06-10,1999-08-28
a192bdaa-ed17-4428-ae54-8337485d7faa,Addiction,75,Christean Rasher,1992-07-02,1998-01-03
12a7b79f-1d74-4a6b-9f40-5d106e747a04,This Time Around,80,Maynord Grinyov,1994-05-26,1996-11-09
a204ce3b-2656-4592-8ca7-91ad5eef27d3,Party (Boum),111,Hadrian Dominey,1992-11-24,1999-07-25
eb4378ae-e945-4737-b3bb-cf5e39683d80,Princess Mononoke (Mononoke-hime),91,Amara Goldie,1990-09-24,1996-02-04
601d5869-d9f3-4770-8c09-08689a86e03b,Room 237,113,Michale Dufer,1993-07-05,1996-11-21
e0933c81-4424-4502-8729-42ee74f95e2d,Extraordinary Measures,84,Thatcher Spiller,1990-12-05,1998-12-28
3aafc47f-a0d8-4dcd-a3fd-f6fbbf0b3bd2,Ed,123,Grace Beausang,1994-07-02,1999-06-05
f64110db-ff15-476f-9ef2-73c284832581,Against the Current,120,Benjamin Balentyne,1993-03-31,1998-03-13
51997508-148f-4371-9ba1-8db683cb041a,Errors of the Human Body ,107,Mandi McAllester,1993-12-07,1999-01-19
3bb0fea5-c355-4c9c-bbe6-29de8f97ded9,Dracula 2000,89,Renelle Miroy,1995-02-23,1996-02-08
79cea6f3-aacb-46a1-957b-e3a58524f2c9,7 Boxes (7 cajas),118,Ronna Jubert,1993-01-31,1996-10-18
8495c65c-0636-4955-a87e-0d28f04c87fc,Fahrenheit 9/11,123,Bryanty Leadbeater,1995-09-14,1996-11-08
7a945c15-0873-4b41-87ec-08bd44327284,Dodes'ka-den (Clickety-Clack),68,Norman Oxer,1992-08-01,1999-05-09
0608537e-1a7c-4455-afa5-fc7141eaedc5,Brief History of Time,123,Myrta Charrette,1993-09-11,1996-10-24
b5a6ee01-3228-46ff-8747-ec0ad63f8524,Appointment with Danger,72,Fitz Boldecke,1991-06-12,1999-02-09
d6340c51-18c8-4d5e-8835-1ba48841702c,Mary Reilly,123,Janifer Bosanko,1990-10-30,1996-08-31
399a6d52-fcd3-4f13-b80d-28d30fec82f9,SpaceCamp,66,Leonore Prince,1995-09-13,1998-05-21
947fb653-b418-478e-adc5-33408b793830,Hadersfild (Huddersfield),74,Meara Malling,1993-10-18,1996-12-30
fd6efa2d-afec-4490-86b5-1a2adb667557,Horrible Bosses 2,78,Vergil Newberry,1993-02-26,1999-10-19
2e8474c6-d6a3-4c7b-9cb4-9e8967f1d65d,When Marnie Was There,78,Cloe Dmytryk,1994-12-28,1998-07-21
77e8e1a0-0f70-40ce-8d17-caf1feeb3d6f,Kiss,96,Neille Ceeley,1990-09-26,1997-03-05
1d6e6d9b-8d33-4d97-9aeb-4fd68e1ee1a2,Cambridge Spies,100,Pascale Mickan,1993-04-07,1997-12-10
149730e2-cf45-4333-be81-9dbb13b2acf3,Retro Puppet Master (Puppet Master 7),65,Eddie Remmer,1994-03-27,1997-10-11
4ca3dd35-bb6c-4dfc-b22c-4bbe45aa6736,Colors,113,Lilly Swiffin,1995-04-25,1999-05-20
892a30b3-4507-4fc4-b82b-70939e2cfcc1,It's a Very Merry Muppet Christmas Movie,78,Elisha Peirson,1995-10-19,1999-03-28
a3670110-dd9b-477e-bed6-0094b78ebd53,Adventures of Mark Twain,121,Rhona Zammitt,1995-08-05,1997-03-16
9cb7641d-0163-4e67-9eb7-e21873f82da2,Mark,72,Shermie Benito,1992-09-08,1999-08-19
ca48c359-cc2d-481c-8dc4-56354e95c63a,Godfather,115,Karoly Cobbold,1993-03-10,1997-01-05
179a1d32-4144-466c-92d5-1565616ed31c,Blue Denim,84,Blinni Hanigan,1990-11-22,1997-10-28
abae7bfa-eceb-4a94-aecb-00e16b29bcb5,OMG Oh My God!,110,Fae Gianolo,1992-12-02,1996-09-21
885368da-54ed-4229-a988-d26511defbfe,More Dead Than Alive,106,Rudy Rothery,1992-12-08,1999-01-10
fc14ed53-ff7f-4199-911c-3a63f72ffd38,Megan Is Missing,81,Cristine Dryburgh,1994-12-08,1997-02-16
c99d2c03-6c72-4a8b-bb0b-8228017dfa47,Chameleon (Kaméleon),93,Reinhard Holhouse,1994-05-03,1996-06-12
1250f699-893d-4346-be8a-ba7e53f9cb1f,Scavenger Hunt,76,Preston Boise,1992-08-16,1999-03-16
45fac59f-b459-455a-a440-43d58c2cbe84,Sapphires,87,Nanci Lubeck,1993-06-19,1997-12-27
d7a8f042-f00c-4ee8-b086-8477df436ff8,Good Men Good Women (Hao nan hao nu),72,Tam Tatteshall,1994-05-15,1997-04-29
3cdf473e-f63c-43e6-8c63-35c1bff82110,Mr. Jones,95,Bonnibelle Dugdale,1993-03-30,1999-06-25
6f63bedf-2cc3-416c-9354-a960f5755583,Love Is Strange,115,Justin Poxton,1993-09-03,1999-02-06
fab01d5e-5041-4a3a-bc93-06bf59d94e2e,Kindred,97,Horacio Matignon,1991-10-13,1997-12-07
db7daef3-885e-4887-bd51-ceddc94d1ea6,Caliber 9,76,Harriot Jovasevic,1994-06-02,1997-10-25
26c47ec4-5b46-4c7e-8a4a-ca7f3289363f,Are You Here,105,Joelie Ruggs,1994-03-23,1999-08-29
9db88efa-f7ac-40c0-a334-da423e24f568,John Dies at the End,92,Billy Getsham,1994-04-20,1997-09-24
c63de69d-ccd1-4edb-b766-9e26bfcb7691,Rosencrantz and Guildenstern Are Dead,70,Carole McCowen,1992-06-30,1996-12-05
6fd56958-aa65-4e83-a84b-16a8a0d18f36,Reader,115,Jakob Sommerling,1995-08-11,1999-09-13
c76192cb-e572-4277-958f-d5beb630934a,Icicle Thief (Ladri di saponette),123,Ida Hulett,1995-03-24,1997-01-01
48fe33bd-1956-44d4-925f-44ba971028da,Ambulance,66,Somerset Purser,1991-03-26,1999-10-09
5a76439a-ee90-4b7b-ac45-b37550bba1cd,Balzac and the Little Chinese Seamstress (Xiao cai feng),118,Cassie Hymus,1992-07-17,1999-03-26
e57442a6-305c-420c-9129-353cd25df33b,The Emperor's Club,76,Tova Ivers,1994-11-16,1997-07-04
e3b02dcb-a8ad-4637-8ccd-e4202fae41eb,Pastoral Hide and Seek (Den-en ni shisu),79,Ives Cregan,1995-01-17,1995-11-14
2f2be2fa-5af9-4c63-878e-af550972cd40,I Am,90,Ann-marie Weekes,1994-07-20,1996-08-03
0aae6fdb-8b7d-46e6-9338-7b854da6d3a1,Shatter Dead,83,Rosalinda McNabb,1991-06-05,1999-02-22
23b17d63-9883-45d1-b990-144d68a1a6bc,Karol: A Man Who Became Pope (Karol: un uomo diventato Papa) (Karol. Czlowiek ktory zostal papiezem),114,Gib Ferrand,1995-08-15,1999-05-09
78cff407-7782-41e4-91c8-c38978ee5ac7,Borrowed Hearts (Borrowed Hearts: A Holiday Romance),79,Eward Glowinski,1991-02-09,1996-07-01
22fba9fb-e47a-4f18-90cd-13648cccba53,Staying Alive,102,Germayne Danit,1990-09-14,1997-10-31
f602a9d5-926c-4d4c-ad99-7d032a6503cd,Dr. Dolittle 3,79,Kendra Faulkes,1992-07-07,1996-02-27
af01a432-12e8-43c4-8b14-85d0f1487416,Gigantic,70,Darci Ebbett,1994-06-08,1996-04-25
8ea03fc4-11b3-4bcb-9c8d-2e9559330f81,When I Walk,102,Paddy Rhyme,1992-02-18,1996-05-11
df9b5f48-c4ef-40b2-8af5-ca2aa0459b32,The Fuller Brush Girl,105,Truman Pallas,1991-04-06,1996-06-13
5e796231-74d1-4023-9be2-6d6544421582,Love and Pigeons,115,Beltran Anchor,1994-11-26,1996-05-30
eb2a12f3-8b72-43a9-bd04-d2014a32afa3,Riot in Cell Block 11,99,My Neil,1991-12-20,1998-05-18
495b597b-c20e-4a76-a24c-71227ad2c859,Combien Tu M'aimes? (How Much Do You Love Me?),95,Marcel Gives,1992-10-03,1998-09-05
4c581e47-2563-4b9f-93b9-9b426039273b,That Day (Ce jour-là),97,Sutherland Bende,1993-09-22,1997-07-29
8153e7fb-cd22-47bf-8bd6-8357891998c8,Blood Trails ,70,Jobye Fearnyhough,1994-03-08,1997-12-18
061d0964-137f-4a4f-88d1-ba2649895744,Une étudiante d'aujourd'hui,116,Fredericka Chesworth,1993-05-17,1997-07-25
bd7751a9-236d-43f9-bdcc-91c665e68d4e,One Man Band,112,Trudy Cartmill,1994-04-11,1998-08-01
e0953a82-04ab-4ca4-b182-1e21136d3be7,Nas: Time Is Illmatic,107,Biron De Maria,1991-05-24,1996-10-13
f401f7bb-5376-4d67-828d-9b2f48fc0a5b,Antonio Gaudí,65,Cayla McKea,1991-12-17,1998-06-18
f1a38737-ff46-47ce-83f8-39dadb4553a4,Haunted Castle (Hiroku kaibyô-den),122,Emmalynne Redfearn,1994-04-26,1997-12-06
dc9fdc5c-090f-42c2-8fb1-15170ac868ae,Dead Ringer,79,Rachel Speerman,1994-12-30,1996-05-03
3e534046-784d-4115-bee3-32f730e38171,Big Night,78,Darill McNerlin,1994-09-20,1996-02-07
ad67aff4-51ca-415a-98ac-9519814cd9aa,Murphy's Law,69,Xenia Girvan,1992-10-13,1999-07-23
9c1802ef-307f-4d5a-bc19-b286f06b5a6e,Sands of Iwo Jima,94,Karoline Roskrug,1992-12-21,1997-02-24
cc5285ae-fffd-4350-ba70-5463566dbe14,8: The Mormon Proposition,117,Eugenius Tzuker,1992-12-27,1997-10-28
bd9d6342-a829-4a1c-b1c8-494fcf4487f2,Face of Terror,108,Lanae Esser,1991-04-19,1997-09-22
61f928fa-45f4-475a-bc12-b564fbbc8f25,Hallam Foe (Mister Foe),96,Billye Cota,1993-12-08,1997-12-27
7631e9df-aee7-47e9-a53b-6d79c1fb139a,Book of Stars,66,Osbourn Tamsett,1995-10-13,1996-07-24
3bb90926-f96f-46f5-9e00-478c3dd81f4c,Games,95,Karlotta Lingfoot,1991-10-09,1998-01-15
8582b051-dacd-486c-a597-858ba09f3ce9,Pride and Prejudice,110,Gare Pembery,1990-09-10,1996-08-20
99093b0d-7a62-4217-8896-1e9d11f1525d,Beer for My Horses,117,Blakelee Wassell,1993-10-30,1998-05-24
def9bd18-f746-4714-bd98-f8cfdbf8a8b9,When the Cat's Away (Chacun cherche son chat),104,Zerk Arter,1994-03-22,1999-03-17
c75f74eb-15eb-4336-b207-2591d664bb8c,Terror in a Texas Town,81,Elvera Pinkett,1991-05-10,1998-02-13
6df8dfbc-aa59-451e-a466-d8fdc8535f9a,But Forever in My Mind,123,Marthena Bratchell,1992-02-18,1998-07-13
e8f06fb0-f4ec-47b9-9b55-bb55879dd97f,Woman in Red,65,Joann Boddie,1991-09-06,1996-04-07
ee53f21d-3930-4eb3-8a13-f4c171e77fdf,Inserts,104,Ariana Torbet,1995-04-13,1999-07-25
313aac19-2ecd-4fcb-a6f5-2a968e32920d,Eight Days a Week,105,Ines Nevison,1995-10-11,1995-12-16
053e5ec6-aec9-4108-8fa2-a55f2f122e91,Broken Hearts Club,116,Gunar Viggars,1990-09-21,1999-01-17
0b464f1b-8035-4f76-a4b3-cca8f7156b44,Moonrise Kingdom,84,Frannie Smitherham,1993-10-03,1996-10-01
83478daf-d92e-4860-8fda-820da14dddd0,Son of the Sheik,96,Anitra Jude,1995-09-21,1998-09-11
a8b33098-a134-4ce6-a6dc-1681be65b9af,Wish Me Away,79,Johnnie Frusher,1994-04-11,1998-05-26
fbc1c784-e5ce-43e2-99a4-c817b3f84611,Panic,122,Dennis Di Iorio,1993-07-15,1997-12-17
1ff8c4a9-762d-48a4-a12c-a53a7c41644a,[REC]²,116,Yovonnda Brackstone,1992-07-06,1998-04-01
74af9ff0-14b2-4bb4-91d7-0e982a8c4ff3,Starting Over,118,Skylar Jameson,1995-01-31,1996-10-12
d5c5245e-a129-4918-8453-9874578fd7a0,Seeking a Friend for the End of the World,71,Stirling Gowar,1993-06-04,1999-09-12
bdcfe21b-d623-45c4-9523-eecd750db8f5,Teheran 43: Spy Ring (a.k.a. Assassination Attempt) (Tegeran-43),80,Noe Burdus,1994-12-07,1998-06-10
390cfa6a-5aac-4cdc-9723-cb8d83c20d4b,Power/Rangers,120,Grady Desquesnes,1991-02-16,1999-03-22
56fcbb12-ef01-452c-8868-f6b22727bced,Camila,89,Lukas Chichgar,1991-06-26,1997-05-04
ef9bd0ec-d91f-4c86-a503-ab955767a8c4,Anacondas: The Hunt for the Blood Orchid,68,Willard Mowday,1992-09-18,1996-03-08
6b9a01b5-f496-49dd-82d8-ca9bee3510d0,Pete 'n' Tillie,98,Casper Espinas,1992-07-29,1998-04-13
e1fca056-0b06-41eb-95ec-2c82c25e7ac7,Peyton Place,96,Haskell Fullstone,1994-09-13,1997-12-24
24353168-877b-4e63-9586-ec07f75572b0,Exit,83,Antonino Stockle,1995-09-02,1996-12-05
ba1a4a7b-417c-49c9-82f4-6bdc40db0f80,Love Don't Cost a Thing,90,Daniele Ivannikov,1992-09-07,1995-12-26
afd7142c-9441-4ce8-b791-23b5f3f31b5e,Goodbye Lover,83,Ryley Reisenberg,1990-10-23,1996-06-21
512c1de5-0e65-4d8c-9a45-49ea1f51fdaa,Origin: Spirits of the Past (Gin-iro no kami no Agito),100,Amelie Bedinn,1993-02-25,1996-09-27
8286544a-4aee-4e2a-9185-bdb8039c12db,Shaolin (Xin shao lin si),119,Nobie Dumphy,1994-05-08,1997-11-10
12a06af4-aca0-40b7-a1ed-229adf66f427,Vampires,106,Erinna Rahl,1991-03-08,1999-08-15
8a3a0dbe-b14b-4759-bc38-ec3eae76a04c,[REC]³ 3 Génesis,81,Keene Chapple,1995-07-16,1996-09-23
965e91e9-1b79-4a8f-a937-87eead00e79c,Mr. North,97,Suzie St. Aubyn,1994-08-06,1996-09-02
60204eef-e1a7-424e-99bd-92170609da37,Howards of Virginia,71,Perceval Jacobsson,1993-10-05,1997-07-22
8c15415e-6c95-4ffc-86f7-e21e6999b479,Fiorile,123,Eddi Rosenbloom,1994-09-30,1996-06-02
c5d43d4d-9b9d-4ec7-848d-c3905f495a98,Our Folks (Sami swoi),85,Timotheus Andrzej,1993-12-21,1999-10-20
857af19f-6d7d-4680-b183-ade2525e9376,Weather Man,92,Katy Ayton,1994-03-05,1996-04-11
16c5c356-1e38-4707-8ab6-86bbe14c01fb,Juwanna Mann,71,Lezlie Bulter,1993-03-31,1995-11-30
332a0224-60d5-45bd-bed2-db6e4699843a,Blonde and Blonder,102,Donia Castillou,1994-12-21,1998-02-04
71b00059-0547-4194-bd8e-414ce346f389,Three Lives and Only One Death (Trois vies & une seule mort),110,Patti Skiggs,1993-05-15,1998-10-13
3e3f6905-9a2c-407d-83d0-d880dcb800a4,Cincinnati Kid,65,Larry Huggin,1995-03-05,1996-11-15
a8bc68cf-ebef-4ad1-9819-8d29d8db21e0,Hard Candy,78,Osbourn Gerg,1992-10-17,1999-10-29
12b256d4-6734-44c2-ad32-4a2a33cf4bba,Castle (Das Schloß),70,Ruthe Knifton,1991-05-10,1998-10-12
e63ee9ba-0cb0-462e-9db0-eeb81df4cc2d,Bad Dreams,93,Dido Brailey,1994-06-17,1999-07-23
fb9a65f6-6aaf-45d5-b87f-ab36004b87d7,Wolves,69,Tabbie Losselyong,1991-08-09,1996-02-02
ac535362-441f-404d-a82e-78f515bad031,Spirit of '76,78,Chelsy Pacey,1994-08-11,1996-08-06
07a9df04-a67b-40fa-b419-ea950332c2b5,Interrupted Melody,78,Ted McIan,1992-09-18,1998-02-10
21f2c4dd-8bb3-4228-bbd2-ad7cbf62ef70,Youth of the Son,123,Fields Velte,1995-05-06,1998-02-17
4c76b01f-c0be-464a-90d6-352ca218a3d4,Leprechaun 2,108,Chaim Henriet,1993-06-27,1996-12-09
a3bd9fd4-329b-4df1-8faf-1d4f9ba02320,Mad Money,88,Antonia Brownlow,1994-09-10,1997-05-26
8d90fa03-02ed-4744-bbc6-f9746bc0a16f,Merry War,91,Ulrick Chiplin,1992-09-05,1998-10-20
29bc6fa1-dac5-40de-bc5b-27f7b12dd74e,Testament of Dr. Mabuse (Das Testament des Dr. Mabuse),104,Meridel Applegate,1991-09-22,1996-03-18
72941727-1651-4810-b8cc-a0cf1f9b030c,Blot,91,Karry Jinks,1995-04-04,1998-04-06
7a61a53c-1a6a-418e-ba67-c1ea9f93aac4,Whispering Corridors (Yeogo Goedam),95,Ernestine Dudman,1991-02-20,1997-09-02
600b3421-d6a2-4074-b838-8262d200ffe2,Guernica,85,Paddie Daintree,1992-03-03,1996-09-12
892e1135-423c-4884-bae1-792a77a611cd,200 Cigarettes,121,Chaim Mussotti,1993-08-23,1997-10-11
b3c249ca-68e3-4f9d-bf5d-7b723423aaf7,Katie Tippel (Keetje Tippel),106,Montgomery O'Donegan,1993-03-29,1996-09-12
6e528391-47f2-43f2-aa67-4a90a74c11f3,Wild Child,113,Jacky Giovannazzi,1992-04-02,1997-03-18
12bb4562-fe37-4a82-be09-8a961292acff,Marie from the Bay of Angels (Marie Baie Des Anges),73,Leonore Carnduff,1990-09-19,1999-09-10
a02fc09d-d952-49ae-a787-c8b452a372b2,Summer by the River (Kuningasjätkä),67,Antoni Ollington,1993-10-31,1998-09-22
00915a29-0dd5-4900-8694-4b53327c302c,Trick or Treat,103,Cody Yukhin,1990-09-29,1996-04-05
99e123b3-3415-4f1f-a199-4823e9d62276,Loners (Samotári),74,Sancho Beavon,1990-11-13,1999-01-17
12628f5c-edc9-47e8-ac30-20a4b582a352,Not Your Typical Bigfoot Movie,114,Vikki Osorio,1993-06-03,1998-11-21
f0c1fb2c-a6bd-4f15-82fe-ccba94bc0fd1,Shaft's Big Score!,65,Paige Camocke,1993-07-01,1998-03-02
a037a01b-1c4c-47ad-9210-8619f2fcd42c,Foul King (Banchikwang),67,Elonore Fazan,1992-03-06,1999-02-08
3b121e02-61b8-474b-b9c8-abc65f182665,Map For Saturday,104,Manon McDougle,1991-12-02,1997-03-24
02ead042-f22d-40d1-a976-594ea7640a8b,No,67,Clyve Gettens,1993-02-09,1996-06-28
29b851f7-896f-4321-aa9c-531bf22b0053,Susan Lenox (Her Fall and Rise),68,Kaja Clemmett,1995-08-28,1996-09-10
ad02ad49-c59c-4953-bdb5-0f7e238cf550,Disclosure,68,Nomi Tipens,1995-10-10,1996-12-09
ab504637-579b-4f0b-ae91-e7ba3557b511,Jackass: The Movie,104,Faye Seeks,1992-11-19,1999-02-25
8205859b-0b4a-464d-8178-6ead94f26451,Tales of Ordinary Madness (Storie di Ordinaria Follia),68,Gearalt Copper,1992-10-19,1999-10-11
9483c7be-95e2-469b-baa0-d98a0500cadc,Best Man,119,Mead Ivanichev,1994-02-02,1998-08-15
654009fe-74ec-4e5f-b73a-1017bb113f82,Suzy,106,Missie Martinovsky,1993-02-24,1998-11-29
